date,SO2
2025-08-31,0.0002183414840276
2025-09-01,1.7987229564044222e-05
2025-09-02,2.609423827379941e-05
2025-09-03,9.07729560952118e-05
2025-09-04,0.000273046092304
2025-09-05,0.00022260612364066664
2025-09-06,0.0001721661549773333
2025-09-07,0.000121726186314
2025-09-08,0.00012716048377065
2025-09-09,0.0001325947812273
2025-09-10,1.322277873571563e-05
2025-09-11,-7.274213752290441e-06
2025-09-12,-2.777120624029651e-05
2025-09-13,0.0001177696319895
2025-09-14,6.941409213011088e-05
2025-09-15,0.000126285433614
2025-09-16,0.0003429546777624
2025-09-17,0.00023372878816955094
2025-09-18,0.0001245028985767019
2025-09-19,1.527700898385285e-05
2025-09-20,3.426945112860866e-05
2025-09-21,5.326189327336447e-05
2025-09-22,0.00010525727185653223
2025-09-23,0.0001572526504397
2025-09-24,0.0001744596347463
2025-09-25,-1.3758533103620213e-05
2025-09-26,2.27634098597004e-05
2025-09-27,3.754620988079945e-05
2025-09-28,5.232900990189851e-05
2025-09-29,-1.7037028244106167e-05
2025-09-30,-0.00011214329850707079
2025-10-01,-0.0002072495687700354
2025-10-02,-0.000302355839033
2025-10-03,7.693677601290549e-05
2025-10-04,0.000125741469206
2025-10-05,-0.0002792038198094
2025-10-06,-0.0001985555118153
2025-10-07,0.0002800511692839
2025-10-08,0.0002102314317198
2025-10-09,0.0001404116941557
2025-10-10,0.0001090494870628
2025-10-11,2.702747078728862e-05
2025-10-12,-0.0001331369006948
2025-10-13,0.0001749759149138
2025-10-14,-7.103884594731177e-06
2025-10-15,9.808206717328478e-05
2025-10-16,0.0001026567612175
2025-10-17,-6.452409454920726e-05
2025-10-18,0.0003763077504117
2025-10-19,0.0002868613052301667
2025-10-20,0.0001974148600486333
2025-10-21,0.0001079684148671
2025-10-22,3.664026463715381e-05
2025-10-23,-3.468788559279238e-05
2025-10-24,0.00011349009246123841
2025-10-25,0.0002616680705152692
2025-10-26,0.0004098460485693
2025-10-27,0.00041095141285848335
2025-10-28,0.0004120567771476667
2025-10-29,0.00041316214143685
2025-10-30,0.0004142675057260333
2025-10-31,0.00041537287001521667
2025-11-01,0.0004164782343044
2025-11-02,0.00041758359859358335
2025-11-03,0.0004186889628827667
2025-11-04,0.00041979432717195004
2025-11-05,0.00042089969146113333
2025-11-06,0.00042200505575031667
2025-11-07,0.0004231104200395
2025-11-08,0.0003276828469501
2025-11-09,0.0002322552738607
2025-11-10,0.0001368277007713
2025-11-11,0.00011024161243007285
2025-11-12,8.365552408884571e-05
2025-11-13,5.7069435747618576e-05
2025-11-14,4.3353718070037143e-05
2025-11-15,2.963800039245571e-05
2025-11-16,1.592228271487428e-05
2025-11-17,2.206565037292846e-06
2025-11-18,-1.1509152640288588e-05
2025-11-19,-1.0811731759504887e-05
2025-11-20,-1.0114310878721188e-05
2025-11-21,-9.416889997937487e-06
2025-11-22,-8.719469117153786e-06
2025-11-23,-8.022048236370087e-06
2025-11-24,-7.324627355586386e-06
2025-11-25,-6.627206474802685e-06
2025-11-26,-5.929785594018985e-06
2025-11-27,-5.232364713235285e-06
2025-11-28,-4.534943832451584e-06
2025-11-29,-3.837522951667883e-06
2025-11-30,-3.1401020708841837e-06
2025-12-01,-2.4426811901004828e-06
2025-12-02,-1.7452603093167818e-06
2025-12-03,-1.0478394285330834e-06
2025-12-04,2.7917703024676076e-05
2025-12-05,5.688324547788523e-05
2025-12-06,2.4911232380223455e-05
2025-12-07,-7.06078071743832e-06
2025-12-08,8.051503841887189e-06
2025-12-09,2.3163788401212697e-05
2025-12-10,3.82760729605382e-05
2025-12-11,0.0001471875879764
2025-12-12,-4.283430242585898e-05
2025-12-13,0.0001179111829678
2025-12-14,0.0001641405248084
2025-12-15,0.000210369866649
2025-12-16,0.0001549980491420446
2025-12-17,9.962623163508916e-05
2025-12-18,0.00014704748726736687
2025-12-19,0.00019446874289964457
2025-12-20,0.00024188999853192228
2025-12-21,0.0002893112541642
2025-12-22,-3.77467889987971e-05
2025-12-23,0.0002579989619025
2025-12-24,0.0002971059584524
2025-12-25,4.891512944595888e-05
2025-12-26,0.000387705082782
2025-12-27,0.00029423067136145003
2025-12-28,0.0002007562599409
2025-12-29,0.00018779302821212001
2025-12-30,0.00017482979648334002
2025-12-31,0.00016186656475456
2026-01-01,0.00014890333302578
2026-01-02,0.000135940101297
2026-01-03,9.932902702573865e-05
2026-01-04,5.439520802091077e-05
2026-01-05,9.624004401950538e-05
2026-01-06,0.0001380848800181
2026-01-07,0.000257748007555
2026-01-08,0.0003774111350919
2026-01-09,3.3089838393607354e-05
2026-01-10,2.974723871375318e-05
2026-01-11,2.6404639033899005e-05
2026-01-12,2.3062039354044827e-05
2026-01-13,1.9719439674190656e-05
2026-01-14,1.637683999433648e-05
2026-01-15,-6.8786454600437245e-06
2026-01-16,-3.0134130914423927e-05
2026-01-17,-5.338961636880413e-05
2026-01-18,4.110489559631481e-06
2026-01-19,6.161059548806709e-05
2026-01-20,0.0001274501053211
2026-01-21,6.535283749571489e-05
2026-01-22,7.57812169623036e-05
2026-01-23,8.62095964288923e-05
2026-01-24,9.663797589548102e-05
2026-01-25,6.08250350146573e-05
2026-01-26,2.5012094133833578e-05
2026-01-27,-1.0800846746990156e-05
2026-01-28,-4.661378762781386e-05
2026-01-29,-8.242672850863762e-05
2026-01-30,-7.186179573182017e-05
2026-01-31,6.444392056437212e-05
2026-02-01,-0.0001636452601035
2026-02-02,-0.0002961026347651
2026-02-03,5.6317759533288026e-05
2026-02-04,-4.6379586716024544e-05
2026-02-05,7.23583889339352e-06
2026-02-06,0.0001198388006222
2026-02-07,-4.495479027225e-05
2026-02-08,-0.0002097483811667
2026-02-09,-0.00012211469766042335
2026-02-10,-3.4481014154146656e-05
2026-02-11,5.315266935213003e-05
2026-02-12,9.846230100568669e-05
2026-02-13,0.00014377193265924335
2026-02-14,0.0001890815643128
2026-02-15,0.0001133022874325
2026-02-16,5.247356961123074e-05
2026-02-17,0.0001722410523923
2026-02-18,5.7986606329275006e-05
2026-02-19,-5.626783973374999e-05
2026-02-20,-0.000170522285796775
2026-02-21,-0.0002847767318598
2026-02-22,-0.00013947474053561482
2026-02-23,5.827250788570382e-06
2026-02-24,-1.9981378487240634e-05
2026-02-25,-4.579000776305165e-05
2026-02-26,-7.159863703886266e-05
2026-02-27,-9.740726631467368e-05
2026-02-28,0.0001862177557674
2026-03-01,0.00011374015068579329
2026-03-02,4.1262545604186585e-05
2026-03-03,-3.121505947742013e-05
2026-03-04,-8.486404859857951e-05
2026-03-05,0.0001674654531776
2026-03-06,2.8941971786299996e-05
2026-03-07,-0.000109581509605
2026-03-08,8.390203220187685e-06
2026-03-09,0.0001135314363426
2026-03-10,7.750270819279213e-05
2026-03-11,0.0002563807681629
2026-03-12,-9.287818547168822e-05
2026-03-13,3.5465649805896e-05
2026-03-14,-2.687003138167452e-05
2026-03-15,5.328670721220467e-05
2026-03-16,-0.0001381035569855
2026-03-17,-0.00011424077623883249
2026-03-18,-9.037799549216498e-05
2026-03-19,-6.651521474549749e-05
2026-03-20,-4.265243399882998e-05
2026-03-21,-1.8789653252162473e-05
2026-03-22,5.073127494505022e-06
2026-03-23,2.893590824117252e-05
2026-03-24,-1.7996766421544778e-05
2026-03-25,1.8108656386966293e-06
2026-03-26,-0.0002358102548168
2026-03-27,-0.0002406988216015
2026-03-28,7.170555129829993e-05
2026-03-29,0.0003841099241981
2026-03-30,0.00020724276792386667
2026-03-31,3.037561164963336e-05
2026-04-01,-0.0001464915446246
2026-04-02,0.0002490897908703
2026-04-03,7.307445868848711e-05
2026-04-04,0.00015025181263089355
2026-04-05,0.0002274291665733
2026-04-06,0.00019759504320806666
2026-04-07,0.00016776091984283334
2026-04-08,0.0001379267964776
2026-04-09,6.296780475826962e-05
2026-04-10,0.00018977061118743483
2026-04-11,0.0003165734176166
2026-04-12,0.0003006979641213
2026-04-13,0.0001510404520851
2026-04-14,0.0002243447126862
2026-04-15,0.0002904639334052
2026-04-16,0.0003247075147425
2026-04-17,0.0003456717483329
2026-04-18,0.00021869743190367568
2026-04-19,9.172311547445132e-05
2026-04-20,-8.622626514157413e-05
2026-04-21,0.0001245607151455
2026-04-22,6.235633618571838e-05
2026-04-23,1.5195722593678597e-07
2026-04-24,4.884669394407383e-06
2026-04-25,9.61738156287798e-06
2026-04-26,3.834690947509707e-05
2026-04-27,0.00024979088305239857
2026-04-28,0.0004612348566297
2026-04-29,0.00033447701150632163
2026-04-30,0.00020771916638294332
2026-05-01,8.0961321259565e-05
2026-05-02,0.0002703391306567
2026-05-03,-3.8342422599920864e-05
2026-05-04,0.0002148815551273
2026-05-05,0.00015482907232836958
2026-05-06,9.477658952943916e-05
2026-05-07,1.2725856712287551e-06
2026-05-08,0.0002602150534845
2026-05-09,0.0001899576859744
2026-05-10,0.0001197003184643
2026-05-11,0.0001963133665802
2026-05-12,-0.000164825963189
2026-05-13,0.0001271969116974
2026-05-14,0.0001233975075592
2026-05-15,9.804248820724628e-05
2026-05-16,7.268746885529257e-05
2026-05-17,0.00016740866441454627
2026-05-18,0.0002621298599738
2026-05-19,-5.672377471910295e-05
2026-05-20,-6.920068244653521e-06
2026-05-21,2.616622953576519e-05
2026-05-22,0.0002108040859335
2026-05-23,0.0003919452392437
2026-05-24,8.967261092038826e-05
2026-05-25,4.9432674313720784e-05
2026-05-26,9.192737707053311e-06
2026-05-27,1.5380992408609018e-05
2026-05-28,-5.5873337032608106e-05
2026-05-29,-8.729070395929739e-05
2026-05-30,-6.127685680569681e-05
2026-05-31,-3.526300965209625e-05
2026-06-01,-3.604155988016696e-05
2026-06-02,0.0002303073369278
2026-06-03,-8.682160114403814e-06
2026-06-04,7.903187111618797e-05
2026-06-05,2.884494365389401e-05
2026-06-06,0.0002646143635632
2026-06-07,-6.527894583996417e-06
2026-06-08,0.0002489637851665
2026-06-09,-0.0002486601341713
2026-06-10,0.0004440182296093
2026-06-11,0.0002237741012192
2026-06-12,0.00014244349566586072
2026-06-13,6.111289011252146e-05
2026-06-14,9.375207742518148e-05
2026-06-15,0.0001329027001962
2026-06-16,-5.589898656970553e-05
2026-06-17,0.0001416202274932
2026-06-18,2.997148790849937e-05
2026-06-19,0.00022074547010299966
2026-06-20,0.0004115194522975
2026-06-21,-0.0001148216274616
2026-06-22,0.0001477396589767
2026-06-23,4.1077468631556256e-05
2026-06-24,-6.261867086517922e-05
2026-06-25,3.763782827133713e-05
2026-06-26,1.960873487405453e-06
2026-06-27,6.282668967157538e-05
2026-06-28,0.0003070331852151
2026-06-29,0.0001785757734199
2026-06-30,0.0003888493403792
2026-07-01,0.000162572919748508
2026-07-02,-6.3703500882184e-05
2026-07-03,0.0002916346399745
2026-07-04,0.0001711051900461
2026-07-05,-2.0866720296908185e-05
2026-07-06,-2.958045307650537e-05
2026-07-07,-3.829418585610256e-05
2026-07-08,0.0003436254419495
2026-07-09,1.414669344999961e-05
2026-07-10,-7.76644851222435e-05
2026-07-11,-0.00012291371235082177
2026-07-12,-0.0001681629395794
2026-07-13,2.8017721758390323e-06
2026-07-14,-0.000133420460978
2026-07-15,-5.02608289869884e-07
2026-07-16,0.0001379552784783
2026-07-17,0.00013554322435340002
2026-07-18,0.0001331311702285
2026-07-19,0.0002313918129705
2026-07-20,-5.951714088691266e-05
2026-07-21,-6.661816660198385e-05
2026-07-22,1.1368099727146072e-05
2026-07-23,-0.0002254489826913
2026-07-24,0.0002337846392765
2026-07-25,8.542508180003748e-05
2026-07-26,-6.580536314036832e-05
2026-07-27,0.000309631404629
2026-07-28,0.0001075000436425
2026-07-29,0.0001054383068829
2026-07-30,-0.0001102497073458
2026-07-31,7.219382683355695e-05
2026-08-01,-6.757904770243579e-05
2026-08-02,4.401427998215828e-05
2026-08-03,0.0002014733090098
2026-08-04,7.095865533171617e-05
2026-08-05,0.0002460331086565
2026-08-06,2.622828282515652e-05
2026-08-07,1.820598445192444e-05
2026-08-08,0.0001369459699812
2026-08-09,9.954150115973836e-05
2026-08-10,6.21370323382767e-05
2026-08-11,1.2106141613393052e-05
2026-08-12,-3.79247491114906e-05
2026-08-13,0.0001945384179375
2026-08-14,-3.499188418832741e-05
2026-08-15,5.776337445370569e-05
2026-08-16,2.9736725835911253e-05
2026-08-17,5.382823611869625e-05
2026-08-18,0.0004083817535761
2026-08-19,8.377888824335445e-05
2026-08-20,0.00010087854649487723
2026-08-21,0.0001179782047464
2026-08-22,-0.0001701645833756
2026-08-23,-0.0001137142048849
2026-08-24,0.0003092774013306
2026-08-25,0.0002317903060299
2026-08-26,0.0001732021718323
2026-08-27,9.522966060363356e-05
2026-08-28,0.00010102155431791678
2026-08-29,0.0001068134480322
2026-08-30,0.0001517888947481
2026-08-31,0.0004170026149755
