date,no2_mean,no2_min,no2_max,no2_stdev,no2_sample_count,no2_nodata_count,co_mean,co_min,co_max,co_stdev,co_sample_count,co_nodata_count,o3_mean,o3_min,o3_max,o3_stdev,o3_sample_count,o3_nodata_count,so2_mean,so2_min,so2_max,so2_stdev,so2_sample_count,so2_nodata_count
2025-09-01,2.7592613150773104e-05,2.7508402126841247e-05,2.767682417470496e-05,8.42110239318572e-08,2,0,0.024130305275321007,0.023843277245759964,0.02441733330488205,0.0002870280295610428,2,0,0.11566774174571037,0.11531884968280792,0.11601663380861282,0.00034889206290245056,2,0,-8.191927918232977e-06,-0.00010238338290946558,8.599952707299963e-05,9.41914549912326e-05,2,0
2025-09-02,2.5859933884930797e-05,2.5859933884930797e-05,2.5859933884930797e-05,0.0,2,0,0.023826020769774914,0.022839289158582687,0.02481275238096714,0.0009867316111922264,2,0,0.1148001030087471,0.1148001030087471,0.1148001030087471,0.0,2,0,-0.00012588956451509148,-0.00012588956451509148,-0.00012588956451509148,0.0,2,0
2025-09-03,2.5139685021713376e-05,2.5139685021713376e-05,2.5139685021713376e-05,0.0,2,0,0.023420575074851513,0.02275969460606575,0.024081455543637276,0.0006608804687857628,2,0,0.11341709643602371,0.11341709643602371,0.11341709643602371,0.0,2,0,5.30566740053473e-06,5.30566740053473e-06,5.30566740053473e-06,0.0,2,0
2025-09-04,2.9153725336072966e-05,2.9153725336072966e-05,2.9153725336072966e-05,0.0,2,0,,,,,2,2,0.11420407891273499,0.11420407891273499,0.11420407891273499,0.0,2,0,0.0005122903967276216,0.0005122903967276216,0.0005122903967276216,0.0,2,0
2025-09-05,,,,,2,2,0.03369758650660515,0.03369758650660515,0.03369758650660515,0.0,2,0,0.11372068524360657,0.11372068524360657,0.11372068524360657,0.0,2,0,-0.0003862001758534461,-0.0003862001758534461,-0.0003862001758534461,0.0,2,0
2025-09-06,,,,,2,2,0.028563639149069786,0.028563639149069786,0.028563639149069786,0.0,2,0,0.11168531328439713,0.11168531328439713,0.11168531328439713,0.0,2,0,,,,,2,2
2025-09-07,,,,,2,2,,,,,2,2,0.11433368921279907,0.11433368921279907,0.11433368921279907,0.0,2,0,0.0001987606956390664,0.0001987606956390664,0.0001987606956390664,0.0,2,0
2025-09-08,,,,,2,2,,,,,2,2,0.11336768791079521,0.11331871896982193,0.1134166568517685,4.896894097328186e-05,2,0,,,,,2,2
2025-09-09,,,,,2,2,0.028574496507644653,0.028574496507644653,0.028574496507644653,0.0,2,0,0.11404059082269669,0.11404059082269669,0.11404059082269669,0.0,2,0,,,,,2,2
2025-09-10,,,,,2,2,0.026306863874197006,0.026306863874197006,0.026306863874197006,0.0,2,0,0.11453106254339218,0.11453106254339218,0.11453106254339218,0.0,2,0,6.3167346525006e-05,6.3167346525006e-05,6.3167346525006e-05,0.0,2,0
2025-09-11,4.589522359310649e-05,4.589522359310649e-05,4.589522359310649e-05,0.0,2,0,,,,,2,2,0.11594268679618835,0.11594268679618835,0.11594268679618835,0.0,2,0,-0.00036577435093931854,-0.00036577435093931854,-0.00036577435093931854,0.0,2,0
2025-09-12,4.1383111238246784e-05,4.1383111238246784e-05,4.1383111238246784e-05,0.0,2,0,0.029885517433285713,0.029885517433285713,0.029885517433285713,0.0,2,0,0.11517900973558426,0.11517900973558426,0.11517900973558426,0.0,2,0,4.249844550940907e-06,4.249844550940907e-06,4.249844550940907e-06,0.0,2,0
2025-09-13,4.4121130486018956e-05,4.1879280615830794e-05,4.636298035620712e-05,2.2418498701881617e-06,2,0,,,,,2,2,0.1169985868036747,0.11692643165588379,0.1170707419514656,7.215514779090881e-05,2,0,0.0003214636672055349,0.00029647257179021835,0.0003464547626208514,2.4991095415316522e-05,2,0
2025-09-14,3.597491013351828e-05,3.3684304071357474e-05,3.8265516195679083e-05,2.290606062160805e-06,2,0,0.023827778175473213,0.023827778175473213,0.023827778175473213,0.0,2,0,0.11636271327733994,0.11625026911497116,0.11647515743970871,0.00011244416236877441,2,0,7.527243360527791e-05,6.022556044626981e-05,9.031930676428601e-05,1.50468731590081e-05,2,0
2025-09-15,,,,,2,2,0.031468335539102554,0.031468335539102554,0.031468335539102554,0.0,2,0,0.11564643681049347,0.11564643681049347,0.11564643681049347,0.0,2,0,0.0001269711065106094,0.0001269711065106094,0.0001269711065106094,0.0,2,0
2025-09-16,,,,,2,2,0.026185110211372375,0.026185110211372375,0.026185110211372375,0.0,2,0,0.11546879261732101,0.11546879261732101,0.11546879261732101,0.0,2,0,0.00031757456599734724,0.00031757456599734724,0.00031757456599734724,0.0,2,0
2025-09-17,,,,,2,2,0.03618527203798294,0.03618527203798294,0.03618527203798294,0.0,2,0,0.1128387600183487,0.1128387600183487,0.1128387600183487,0.0,2,0,,,,,2,2
2025-09-18,4.5665640755032655e-05,3.0255954698077403e-05,6.10753268119879e-05,1.5409686056955252e-05,2,0,,,,,2,2,0.11318327859044075,0.11232251673936844,0.11404404044151306,0.0008607618510723114,2,0,,,,,2,2
2025-09-19,3.10430841636844e-05,3.10430841636844e-05,3.10430841636844e-05,0.0,2,0,0.027853013947606087,0.027853013947606087,0.027853013947606087,0.0,2,0,0.11152219027280807,0.11152219027280807,0.11152219027280807,0.0,2,0,3.691986785270274e-05,3.691986785270274e-05,3.691986785270274e-05,0.0,2,0
2025-09-20,9.415690874448046e-05,9.415690874448046e-05,9.415690874448046e-05,0.0,2,1,0.025820007547736168,0.025820007547736168,0.025820007547736168,0.0,2,0,,,,,2,2,,,,,2,2
2025-09-21,,,,,2,2,0.02890292275696993,0.0288989320397377,0.028906913474202156,3.9907172322273254e-06,2,0,0.11248358339071274,0.11248358339071274,0.11248358339071274,0.0,2,0,-0.00029504625126719475,-0.00029504625126719475,-0.00029504625126719475,0.0,2,0
2025-09-22,5.0964448746526614e-05,5.0964448746526614e-05,5.0964448746526614e-05,0.0,2,0,0.03086387924849987,0.03086387924849987,0.03086387924849987,0.0,2,0,0.11394903063774109,0.11394903063774109,0.11394903063774109,0.0,2,0,0.0003953103441745043,0.0003953103441745043,0.0003953103441745043,0.0,2,0
2025-09-23,,,,,2,2,0.03748190030455589,0.036881931126117706,0.03808186948299408,0.0005999691784381866,2,0,0.1120632067322731,0.1120632067322731,0.1120632067322731,0.0,2,0,0.00039260697667486966,0.00039260697667486966,0.00039260697667486966,0.0,2,0
2025-09-24,,,,,2,2,0.04521559178829193,0.04521559178829193,0.04521559178829193,0.0,2,0,0.11329097300767899,0.11329097300767899,0.11329097300767899,0.0,2,0,0.00010362020111642778,0.00010362020111642778,0.00010362020111642778,0.0,2,0
2025-09-25,4.890987474936992e-05,4.890987474936992e-05,4.890987474936992e-05,0.0,2,0,,,,,2,2,0.11315610259771347,0.11315610259771347,0.11315610259771347,0.0,2,0,9.621154276828747e-06,9.621154276828747e-06,9.621154276828747e-06,0.0,2,0
2025-09-26,4.4748645450454205e-05,4.4748645450454205e-05,4.4748645450454205e-05,0.0,2,0,,,,,2,2,0.11345287412405014,0.11345287412405014,0.11345287412405014,0.0,2,0,-6.522796320496127e-05,-6.522796320496127e-05,-6.522796320496127e-05,0.0,2,0
2025-09-27,3.7472054827958345e-05,3.7472054827958345e-05,3.7472054827958345e-05,0.0,2,0,0.03271438181400299,0.03271438181400299,0.03271438181400299,0.0,2,0,0.11746636778116226,0.11746636778116226,0.11746636778116226,0.0,2,0,0.0014283846830949187,0.0014283846830949187,0.0014283846830949187,0.0,2,0
2025-09-28,1.3505949937098194e-05,1.3505949937098194e-05,1.3505949937098194e-05,0.0,2,0,0.03132934495806694,0.03132934495806694,0.03132934495806694,0.0,2,0,0.11777590960264206,0.11777590960264206,0.11777590960264206,0.0,2,0,5.921811316511594e-05,5.921811316511594e-05,5.921811316511594e-05,0.0,2,0
2025-09-29,4.416687261254992e-05,3.69015870091971e-05,5.1432158215902746e-05,7.265285603352822e-06,2,0,0.02768418937921524,0.02768418937921524,0.02768418937921524,0.0,2,0,0.1160787083208561,0.11590205878019333,0.11625535786151886,0.0001766495406627655,2,0,7.513441232731566e-05,-8.537678513675928e-05,0.0002356456097913906,0.00016051119746407494,2,0
2025-09-30,,,,,2,2,,,,,2,2,,,,,2,2,,,,,2,2
2025-10-01,,,,,2,2,,,,,2,2,0.11518831551074982,0.11518831551074982,0.11518831551074982,0.0,2,0,,,,,2,2
2025-10-02,8.273937055491842e-05,6.416674295905977e-05,0.00010131199815077707,1.857262759585865e-05,2,0,0.03025168925523758,0.03025168925523758,0.03025168925523758,0.0,2,0,0.11558951437473297,0.11534557491540909,0.11583345383405685,0.00024393945932388306,2,0,-0.0003785173175856471,-0.0005754962330684066,-0.00018153840210288763,0.00019697891548275948,2,0
2025-10-03,,,,,2,2,0.032142240554094315,0.031425151973962784,0.032859329134225845,0.0007170885801315308,2,0,0.11410676687955856,0.11400562524795532,0.1142079085111618,0.00010114163160324097,2,0,-9.474537364440039e-05,-9.474537364440039e-05,-9.474537364440039e-05,0.0,2,1
2025-10-04,6.848281918792054e-05,6.836542161181569e-05,6.860021676402539e-05,1.1739757610484958e-07,2,0,0.033240001648664474,0.033240001648664474,0.033240001648664474,0.0,2,0,0.11461035907268524,0.11436143517494202,0.11485928297042847,0.0002489238977432251,2,0,2.6551480914349668e-05,-4.8994628741638735e-05,0.00010209759057033807,7.55461096559884e-05,2,0
2025-10-05,4.639193866751157e-05,4.639193866751157e-05,4.639193866751157e-05,0.0,2,0,0.03530701622366905,0.03530701622366905,0.03530701622366905,0.0,2,0,0.11541850119829178,0.11541850119829178,0.11541850119829178,0.0,2,0,-0.00026638267445378006,-0.00026638267445378006,-0.00026638267445378006,0.0,2,0
2025-10-06,4.9683563702274114e-05,4.9683563702274114e-05,4.9683563702274114e-05,0.0,2,0,0.03299999050796032,0.03217832371592522,0.03382165729999542,0.0008216667920351028,2,0,0.1189761608839035,0.1189761608839035,0.1189761608839035,0.0,2,0,-0.0002605343470349908,-0.0002605343470349908,-0.0002605343470349908,0.0,2,0
2025-10-07,8.547558536520228e-05,8.547558536520228e-05,8.547558536520228e-05,0.0,2,0,0.04271988570690155,0.04271988570690155,0.04271988570690155,0.0,2,0,0.11812075972557068,0.11812075972557068,0.11812075972557068,0.0,2,0,0.00041167554445564747,0.00041167554445564747,0.00041167554445564747,0.0,2,0
2025-10-08,,,,,2,2,,,,,2,2,0.1155037060379982,0.1155037060379982,0.1155037060379982,0.0,2,0,,,,,2,2
2025-10-09,8.887695003068075e-05,8.887695003068075e-05,8.887695003068075e-05,0.0,2,0,0.03782389685511589,0.03782389685511589,0.03782389685511589,0.0,2,0,0.11940702795982361,0.11940702795982361,0.11940702795982361,0.0,2,0,0.00014428157010115683,0.00014428157010115683,0.00014428157010115683,0.0,2,0
2025-10-10,8.730094850761816e-05,8.730094850761816e-05,8.730094850761816e-05,0.0,2,0,0.04092804715037346,0.04092804715037346,0.04092804715037346,0.0,2,0,0.1167675331234932,0.1167675331234932,0.1167675331234932,0.0,2,0,0.00022012034605722874,0.00022012034605722874,0.00022012034605722874,0.0,2,0
2025-10-11,3.319029201520607e-05,3.319029201520607e-05,3.319029201520607e-05,0.0,2,0,0.03303017094731331,0.03303017094731331,0.03303017094731331,0.0,2,0,0.11469489336013794,0.11469489336013794,0.11469489336013794,0.0,2,0,0.0003696767089422792,0.0003696767089422792,0.0003696767089422792,0.0,2,0
2025-10-12,2.556856270530261e-05,2.556856270530261e-05,2.556856270530261e-05,0.0,2,0,0.024473948404192924,0.024473948404192924,0.024473948404192924,0.0,2,0,0.11537832021713257,0.11537832021713257,0.11537832021713257,0.0,2,0,-0.0003435201069805771,-0.0003435201069805771,-0.0003435201069805771,0.0,2,0
2025-10-13,4.212314524920657e-05,4.212314524920657e-05,4.212314524920657e-05,0.0,2,0,,,,,2,2,0.11650976538658142,0.11650976538658142,0.11650976538658142,0.0,2,0,0.00011782214278355241,0.00011782214278355241,0.00011782214278355241,0.0,2,0
2025-10-14,5.547749788092915e-05,5.1136019465047866e-05,5.981897629681043e-05,4.341478415881284e-06,2,0,0.026860371232032776,0.026860371232032776,0.026860371232032776,0.0,2,0,0.1182347871363163,0.11819083243608475,0.11827874183654785,4.3954700231552124e-05,2,0,-0.00010291880516888341,-0.00019537792832124978,-1.0459682016517036e-05,9.245912315236637e-05,2,0
2025-10-15,,,,,2,2,0.030748147517442703,0.030748147517442703,0.030748147517442703,0.0,2,0,0.11630642414093018,0.11630642414093018,0.11630642414093018,0.0,2,0,,,,,2,2
2025-10-16,5.7561810535844415e-05,5.7561810535844415e-05,5.7561810535844415e-05,0.0,2,0,0.03089940920472145,0.029781419783830643,0.03201739862561226,0.001117989420890808,2,0,0.11997883021831512,0.11997883021831512,0.11997883021831512,0.0,2,0,0.00021140165335964411,0.00021140165335964411,0.00021140165335964411,0.0,2,0
2025-10-17,3.2777809792605694e-05,2.197927278757561e-05,4.357634679763578e-05,1.0798537005030084e-05,2,0,0.03138665109872818,0.03138665109872818,0.03138665109872818,0.0,2,0,0.11917856708168983,0.11891794204711914,0.11943919211626053,0.00026062503457069397,2,0,-0.00017638655845075846,-0.00019910935952793807,-0.00015366375737357885,2.272280107717961e-05,2,0
2025-10-18,2.920621045632288e-05,2.920621045632288e-05,2.920621045632288e-05,0.0,2,0,,,,,2,2,0.1166170984506607,0.1166170984506607,0.1166170984506607,0.0,2,0,0.0012985222274437547,0.0012985222274437547,0.0012985222274437547,0.0,2,0
2025-10-19,,,,,2,2,,,,,2,2,0.11500009894371033,0.11500009894371033,0.11500009894371033,0.0,2,0,,,,,2,2
2025-10-20,,,,,2,2,,,,,2,2,0.11728700995445251,0.11728700995445251,0.11728700995445251,0.0,2,0,,,,,2,2
2025-10-21,3.134463986498304e-05,3.134463986498304e-05,3.134463986498304e-05,0.0,2,0,0.03254549391567707,0.03211302310228348,0.03297796472907066,0.00043247081339359283,2,0,0.11734607070684433,0.11734607070684433,0.11734607070684433,0.0,2,0,0.0002764718374237418,0.0002764718374237418,0.0002764718374237418,0.0,2,0
2025-10-22,,,,,2,2,,,,,2,2,0.11852998286485672,0.11843281239271164,0.1186271533370018,9.717047214508057e-05,2,0,,,,,2,2
2025-10-23,,,,,2,2,0.03161946311593056,0.03161946311593056,0.03161946311593056,0.0,2,0,0.11582256108522415,0.11582256108522415,0.11582256108522415,0.0,2,0,-1.8616814486449584e-05,-1.8616814486449584e-05,-1.8616814486449584e-05,0.0,2,0
2025-10-24,,,,,2,2,,,,,2,2,0.11576036363840103,0.11576036363840103,0.11576036363840103,0.0,2,0,,,,,2,2
2025-10-25,,,,,2,2,,,,,2,2,0.11788059771060944,0.11754588782787323,0.11821530759334564,0.00033470988273620605,2,0,,,,,2,2
2025-10-26,,,,,2,2,,,,,2,2,0.11816920340061188,0.11816920340061188,0.11816920340061188,0.0,2,0,,,,,2,2
2025-10-27,,,,,2,2,,,,,2,2,0.11546381562948227,0.11546381562948227,0.11546381562948227,0.0,2,0,,,,,2,2
2025-10-28,,,,,2,2,,,,,2,2,0.11308152228593826,0.11308152228593826,0.11308152228593826,0.0,2,0,,,,,2,2
2025-10-29,,,,,2,2,,,,,2,2,0.11543676257133484,0.11505608260631561,0.11581744253635406,0.0003806799650192261,2,0,,,,,2,2
2025-10-30,,,,,2,2,0.033858828246593475,0.033858828246593475,0.033858828246593475,0.0,2,0,0.11614304035902023,0.11614304035902023,0.11614304035902023,0.0,2,0,,,,,2,2
2025-10-31,,,,,2,2,,,,,2,2,0.11569403856992722,0.11569403856992722,0.11569403856992722,0.0,2,0,,,,,2,2
2025-11-01,,,,,2,2,,,,,2,2,0.1157960295677185,0.11571022868156433,0.11588183045387268,8.58008861541748e-05,2,0,,,,,2,2
2025-11-02,,,,,2,2,,,,,2,2,0.1184239611029625,0.1184239611029625,0.1184239611029625,0.0,2,0,,,,,2,2
2025-11-03,,,,,2,2,,,,,2,2,0.11853872984647751,0.11853872984647751,0.11853872984647751,0.0,2,0,,,,,2,2
2025-11-04,,,,,2,2,,,,,2,2,0.11536708474159241,0.11536708474159241,0.11536708474159241,0.0,2,0,,,,,2,2
2025-11-05,,,,,2,2,,,,,2,2,0.11597578972578049,0.1156521588563919,0.11629942059516907,0.0003236308693885803,2,0,,,,,2,2
2025-11-06,,,,,2,2,,,,,2,2,0.11431756988167763,0.11359521001577377,0.11503992974758148,0.0007223598659038544,2,0,,,,,2,2
2025-11-07,6.547466182382777e-05,6.547466182382777e-05,6.547466182382777e-05,0.0,2,0,0.030085362493991852,0.030085362493991852,0.030085362493991852,0.0,2,0,0.11501795053482056,0.11501795053482056,0.11501795053482056,0.0,2,0,0.0005558622069656849,0.0005558622069656849,0.0005558622069656849,0.0,2,0
2025-11-08,,,,,2,2,,,,,2,2,0.11534488201141357,0.11534488201141357,0.11534488201141357,0.0,2,0,,,,,2,2
2025-11-09,,,,,2,2,,,,,2,2,0.11687648296356201,0.11687648296356201,0.11687648296356201,0.0,2,0,,,,,2,2
2025-11-10,,,,,2,2,,,,,2,2,0.1152639091014862,0.11415742337703705,0.11637039482593536,0.0011064857244491577,2,0,,,,,2,2
2025-11-11,,,,,2,2,,,,,2,2,0.11661630123853683,0.11661630123853683,0.11661630123853683,0.0,2,0,,,,,2,2
2025-11-12,,,,,2,2,,,,,2,2,0.11762712895870209,0.11762712895870209,0.11762712895870209,0.0,2,0,,,,,2,2
2025-11-13,,,,,2,2,,,,,2,2,0.11412860453128815,0.11412860453128815,0.11412860453128815,0.0,2,0,7.236999954329804e-05,7.236999954329804e-05,7.236999954329804e-05,0.0,2,0
2025-11-14,,,,,2,2,,,,,2,2,0.1165054403245449,0.11622335016727448,0.11678753048181534,0.0002820901572704315,2,0,,,,,2,2
2025-11-15,,,,,2,2,,,,,2,2,0.1175474114716053,0.11708518117666245,0.11800964176654816,0.00046223029494285583,2,0,,,,,2,2
2025-11-16,,,,,2,2,,,,,2,2,0.11602388694882393,0.11572862416505814,0.11631914973258972,0.00029526278376579285,2,0,,,,,2,2
2025-11-17,,,,,2,2,,,,,2,2,0.11578682065010071,0.11578682065010071,0.11578682065010071,0.0,2,0,,,,,2,2
2025-11-18,,,,,2,2,,,,,2,2,0.11434327065944672,0.11434327065944672,0.11434327065944672,0.0,2,0,-2.763050542853307e-05,-2.763050542853307e-05,-2.763050542853307e-05,0.0,2,0
2025-11-19,,,,,2,2,,,,,2,2,0.11507783830165863,0.11471143364906311,0.11544424295425415,0.00036640465259552,2,0,,,,,2,2
2025-11-20,,,,,2,2,,,,,2,2,0.11622323840856552,0.11622323840856552,0.11622323840856552,0.0,2,0,,,,,2,2
2025-11-21,,,,,2,2,,,,,2,2,0.1133522242307663,0.11231183260679245,0.11439261585474014,0.0010403916239738464,2,0,,,,,2,2
2025-11-22,,,,,2,2,0.0283725056797266,0.0283725056797266,0.0283725056797266,0.0,2,0,0.11450620740652084,0.11450620740652084,0.11450620740652084,0.0,2,0,,,,,2,2
2025-11-23,3.278084841440432e-05,3.278084841440432e-05,3.278084841440432e-05,0.0,2,1,0.02815028466284275,0.02815028466284275,0.02815028466284275,0.0,2,0,0.11348520964384079,0.1127876564860344,0.11418276280164719,0.0006975531578063965,2,0,9.593769755156245e-05,5.4754953453084454e-05,0.00013712044165004045,4.1182744098478e-05,2,0
2025-11-24,,,,,2,2,,,,,2,2,0.11563701182603836,0.11563701182603836,0.11563701182603836,0.0,2,0,1.7401265722583048e-05,1.7401265722583048e-05,1.7401265722583048e-05,0.0,2,0
2025-11-25,2.5514009394100867e-05,2.5514009394100867e-05,2.5514009394100867e-05,0.0,2,0,0.029970187693834305,0.029970187693834305,0.029970187693834305,0.0,2,0,0.11273378878831863,0.11273378878831863,0.11273378878831863,0.0,2,0,-0.0003217174089513719,-0.0003217174089513719,-0.0003217174089513719,0.0,2,0
2025-11-26,,,,,2,2,0.026814928278326988,0.026814928278326988,0.026814928278326988,0.0,2,0,0.112647145986557,0.112647145986557,0.112647145986557,0.0,2,0,,,,,2,2
2025-11-27,,,,,2,2,,,,,2,2,0.1172102838754654,0.1172102838754654,0.1172102838754654,0.0,2,0,,,,,2,2
2025-11-28,,,,,2,2,0.02770221885293722,0.027597522363066673,0.02780691534280777,0.00010469648987054825,2,0,0.11265906691551208,0.11265906691551208,0.11265906691551208,0.0,2,0,,,,,2,2
2025-11-29,,,,,2,2,0.028934407979249954,0.028934407979249954,0.028934407979249954,0.0,2,0,0.11516124755144119,0.11516124755144119,0.11516124755144119,0.0,2,0,,,,,2,2
2025-11-30,,,,,2,2,,,,,2,2,0.11628146469593048,0.11628146469593048,0.11628146469593048,0.0,2,0,,,,,2,2
2025-12-01,,,,,2,2,,,,,2,2,0.11697401851415634,0.11697401851415634,0.11697401851415634,0.0,2,0,,,,,2,2
2025-12-02,4.238643123244401e-05,3.862287849187851e-05,4.614998397300951e-05,3.763552740565501e-06,2,0,0.0247226320207119,0.0247226320207119,0.0247226320207119,0.0,2,0,0.11383736506104469,0.1134500801563263,0.11422464996576309,0.00038728490471839905,2,0,0.00019167241316608852,1.9854427591781132e-05,0.0003634903987403959,0.00017181798557430739,2,0
2025-12-03,3.316567381261848e-05,3.316567381261848e-05,3.316567381261848e-05,0.0,2,0,0.021909641101956367,0.02150154858827591,0.022317733615636826,0.00040809251368045807,2,0,0.11595609039068222,0.11595609039068222,0.11595609039068222,0.0,2,0,-0.00012174322182545438,-0.00012174322182545438,-0.00012174322182545438,0.0,2,0
2025-12-04,,,,,2,2,,,,,2,2,0.11534752696752548,0.11534752696752548,0.11534752696752548,0.0,2,0,,,,,2,2
2025-12-05,6.812709762016311e-05,6.223204400157556e-05,7.402215123875067e-05,5.8950536185875535e-06,2,0,0.027658674865961075,0.027658674865961075,0.027658674865961075,0.0,2,0,0.11628327146172523,0.11608698964118958,0.1164795532822609,0.0001962818205356598,2,0,-5.291210254654288e-05,-0.00038548727752640843,0.00027966307243332267,0.00033257517497986555,2,0
2025-12-06,,,,,2,2,,,,,2,2,0.11579977720975876,0.11579977720975876,0.11579977720975876,0.0,2,0,,,,,2,2
2025-12-07,,,,,2,2,,,,,2,2,0.11560169234871864,0.11497484892606735,0.11622853577136993,0.0006268434226512909,2,0,,,,,2,2
2025-12-08,,,,,2,2,,,,,2,2,0.11206305772066116,0.11206305772066116,0.11206305772066116,0.0,2,0,,,,,2,2
2025-12-09,,,,,2,2,,,,,2,2,0.11525119096040726,0.11525119096040726,0.11525119096040726,0.0,2,0,,,,,2,2
2025-12-10,,,,,2,2,0.030861172825098038,0.030861172825098038,0.030861172825098038,0.0,2,0,0.11615033447742462,0.11615033447742462,0.11615033447742462,0.0,2,0,0.00012011729268124327,0.00012011729268124327,0.00012011729268124327,0.0,2,0
2025-12-11,,,,,2,2,0.03069695644080639,0.03069695644080639,0.03069695644080639,0.0,2,0,0.11482854932546616,0.11482854932546616,0.11482854932546616,0.0,2,0,,,,,2,2
2025-12-12,2.574813970568357e-05,9.018853234010749e-06,4.247742617735639e-05,1.6729286471672822e-05,2,0,0.029033731669187546,0.029033731669187546,0.029033731669187546,0.0,2,0,0.1137327030301094,0.11237325519323349,0.11509215086698532,0.0013594478368759155,2,0,1.2747077562380582e-06,-6.705589476041496e-05,6.960531027289107e-05,6.833060251665302e-05,2,0
2025-12-13,1.7012334865285084e-05,1.7012334865285084e-05,1.7012334865285084e-05,0.0,2,0,0.03144337981939316,0.03144337981939316,0.03144337981939316,0.0,2,0,0.11278734356164932,0.11278734356164932,0.11278734356164932,0.0,2,0,0.00027034967206418514,0.00027034967206418514,0.00027034967206418514,0.0,2,0
2025-12-14,,,,,2,2,0.027560198679566383,0.027560198679566383,0.027560198679566383,0.0,2,0,0.11663411557674408,0.11663411557674408,0.11663411557674408,0.0,2,0,,,,,2,2
2025-12-15,3.360193659318611e-05,3.360193659318611e-05,3.360193659318611e-05,0.0,2,0,0.028381314128637314,0.028381314128637314,0.028381314128637314,0.0,2,0,0.11711978167295456,0.11711978167295456,0.11711978167295456,0.0,2,0,0.00011749451368814334,0.00011749451368814334,0.00011749451368814334,0.0,2,0
2025-12-16,,,,,2,2,,,,,2,2,0.11506950110197067,0.11506950110197067,0.11506950110197067,0.0,2,0,,,,,2,2
2025-12-17,3.232148083043285e-05,3.232148083043285e-05,3.232148083043285e-05,0.0,2,0,0.02868601121008396,0.02868601121008396,0.02868601121008396,0.0,2,0,0.11617479473352432,0.11617479473352432,0.11617479473352432,0.0,2,0,0.0003581730416044593,0.0003581730416044593,0.0003581730416044593,0.0,2,0
2025-12-18,,,,,2,2,,,,,2,2,0.11651910841464996,0.11651910841464996,0.11651910841464996,0.0,2,0,,,,,2,2
2025-12-19,,,,,2,2,,,,,2,2,0.1130853146314621,0.1130853146314621,0.1130853146314621,0.0,2,0,,,,,2,2
2025-12-20,,,,,2,2,,,,,2,2,0.11293449252843857,0.11293449252843857,0.11293449252843857,0.0,2,0,,,,,2,2
2025-12-21,,,,,2,2,0.02485649473965168,0.02485649473965168,0.02485649473965168,0.0,2,0,0.11287203431129456,0.11287203431129456,0.11287203431129456,0.0,2,0,,,,,2,2
2025-12-22,1.9511546270223334e-05,1.9511546270223334e-05,1.9511546270223334e-05,0.0,2,0,0.025873498991131783,0.025873498991131783,0.025873498991131783,0.0,2,0,0.1151338741183281,0.1151338741183281,0.1151338741183281,0.0,2,0,-4.35790752817411e-05,-4.35790752817411e-05,-4.35790752817411e-05,0.0,2,0
2025-12-23,3.469207149464637e-05,3.469207149464637e-05,3.469207149464637e-05,0.0,2,0,0.03000759892165661,0.03000759892165661,0.03000759892165661,0.0,2,0,0.11542834341526031,0.11542834341526031,0.11542834341526031,0.0,2,0,0.00020663117174990475,0.00020663117174990475,0.00020663117174990475,0.0,2,0
2025-12-24,,,,,2,2,,,,,2,2,0.11623410135507584,0.11623410135507584,0.11623410135507584,0.0,2,0,,,,,2,2
2025-12-25,2.037180820479989e-05,2.037180820479989e-05,2.037180820479989e-05,0.0,2,1,0.02539771981537342,0.02539771981537342,0.02539771981537342,0.0,2,0,0.11490938812494278,0.11442923545837402,0.11538954079151154,0.0004801526665687561,2,0,5.484371331476723e-05,1.2436067663657013e-05,9.725135896587744e-05,4.2407645651110215e-05,2,0
2025-12-26,,,,,2,2,,,,,2,2,0.11406849697232246,0.11388331651687622,0.11425367742776871,0.00018518045544624329,2,0,0.00039262446807697415,0.00039262446807697415,0.00039262446807697415,0.0,2,1
2025-12-27,,,,,2,2,,,,,2,2,0.11310786008834839,0.11310786008834839,0.11310786008834839,0.0,2,0,,,,,2,2
2025-12-28,,,,,2,2,,,,,2,2,0.11487197130918503,0.11487197130918503,0.11487197130918503,0.0,2,0,0.0001630530459806323,0.0001630530459806323,0.0001630530459806323,0.0,2,0
2025-12-29,7.012183050392196e-05,7.012183050392196e-05,7.012183050392196e-05,0.0,2,0,0.028679076582193375,0.028679076582193375,0.028679076582193375,0.0,2,0,0.11444848030805588,0.11444848030805588,0.11444848030805588,0.0,2,0,0.0005919983959756792,0.0005919983959756792,0.0005919983959756792,0.0,2,0
2025-12-30,,,,,2,2,,,,,2,2,0.11410941183567047,0.11410941183567047,0.11410941183567047,0.0,2,0,,,,,2,2
2025-12-31,,,,,2,2,,,,,2,2,0.11539193242788315,0.11539193242788315,0.11539193242788315,0.0,2,0,,,,,2,2
2026-01-01,,,,,2,2,0.027968933805823326,0.027968933805823326,0.027968933805823326,0.0,2,0,0.1151043064892292,0.11439050734043121,0.11581810563802719,0.0007137991487979889,2,0,,,,,2,2
2026-01-02,3.0473212973447517e-05,3.0473212973447517e-05,3.0473212973447517e-05,0.0,2,0,,,,,2,2,0.11095641553401947,0.11095641553401947,0.11095641553401947,0.0,2,0,2.807211785693653e-05,2.807211785693653e-05,2.807211785693653e-05,0.0,2,0
2026-01-03,,,,,2,2,0.03085476905107498,0.03085476905107498,0.03085476905107498,0.0,2,0,0.11364615708589554,0.11364615708589554,0.11364615708589554,0.0,2,0,,,,,2,2
2026-01-04,,,,,2,2,,,,,2,2,0.11293655633926392,0.11293655633926392,0.11293655633926392,0.0,2,0,0.00012832488573621958,0.00012832488573621958,0.00012832488573621958,0.0,2,0
2026-01-05,,,,,2,2,,,,,2,2,0.11414402723312378,0.11414402723312378,0.11414402723312378,0.0,2,0,,,,,2,2
2026-01-06,,,,,2,2,,,,,2,2,0.11179550364613533,0.11137017607688904,0.11222083121538162,0.0004253275692462921,2,0,8.880467794369906e-05,-0.0003880057774949819,0.00056561513338238,0.00047681045543868095,2,0
2026-01-07,,,,,2,2,,,,,2,2,0.11245240271091461,0.11245240271091461,0.11245240271091461,0.0,2,0,,,,,2,2
2026-01-08,,,,,2,2,0.028122927993535995,0.028122927993535995,0.028122927993535995,0.0,2,0,0.11211007088422775,0.11211007088422775,0.11211007088422775,0.0,2,0,0.00039885370642878115,0.00039885370642878115,0.00039885370642878115,0.0,2,0
2026-01-09,2.300950018252479e-05,1.5964405974955298e-05,3.005459439009428e-05,7.045094207569491e-06,2,0,0.028658701106905937,0.028658701106905937,0.028658701106905937,0.0,2,0,0.1121688187122345,0.1114869937300682,0.11285064369440079,0.0006818249821662903,2,0,6.792449266868061e-05,9.168058568320703e-06,0.00012668092676904052,5.875643410035991e-05,2,0
2026-01-10,,,,,2,2,,,,,2,2,0.11347693204879761,0.11347693204879761,0.11347693204879761,0.0,2,0,,,,,2,2
2026-01-11,,,,,2,2,,,,,2,2,0.1132529079914093,0.1132529079914093,0.1132529079914093,0.0,2,0,,,,,2,2
2026-01-12,,,,,2,2,,,,,2,2,0.11303692311048508,0.1127869263291359,0.11328691989183426,0.00024999678134918213,2,0,,,,,2,2
2026-01-13,,,,,2,2,,,,,2,2,0.1148657277226448,0.1148657277226448,0.1148657277226448,0.0,2,0,,,,,2,2
2026-01-14,,,,,2,2,0.023590296506881714,0.023590296506881714,0.023590296506881714,0.0,2,0,0.11152339726686478,0.11135224252939224,0.11169455200433731,0.00017115473747253418,2,0,,,,,2,2
2026-01-15,,,,,2,2,,,,,2,2,0.11354568600654602,0.11354568600654602,0.11354568600654602,0.0,2,0,,,,,2,2
2026-01-16,,,,,2,2,,,,,2,2,0.11248360574245453,0.11248360574245453,0.11248360574245453,0.0,2,0,,,,,2,2
2026-01-17,,,,,2,2,,,,,2,2,0.11310611665248871,0.11310611665248871,0.11310611665248871,0.0,2,0,-5.338961636880413e-05,-5.338961636880413e-05,-5.338961636880413e-05,0.0,2,0
2026-01-18,,,,,2,2,,,,,2,2,0.11279580742120743,0.11279580742120743,0.11279580742120743,0.0,2,0,,,,,2,2
2026-01-19,1.6324496755260043e-05,1.6324496755260043e-05,1.6324496755260043e-05,0.0,2,0,0.031131243333220482,0.031131243333220482,0.031131243333220482,0.0,2,0,0.11481805145740509,0.11481805145740509,0.11481805145740509,0.0,2,0,-2.199825939896982e-05,-2.199825939896982e-05,-2.199825939896982e-05,0.0,2,0
2026-01-20,,,,,2,2,,,,,2,2,0.11144077777862549,0.11144077777862549,0.11144077777862549,0.0,2,0,0.00012468142085708678,0.00012468142085708678,0.00012468142085708678,0.0,2,0
2026-01-21,,,,,2,2,0.023183977231383324,0.023183977231383324,0.023183977231383324,0.0,2,0,0.11374112218618393,0.11374112218618393,0.11374112218618393,0.0,2,0,0.0002731664862949401,0.0002731664862949401,0.0002731664862949401,0.0,2,0
2026-01-22,,,,,2,2,,,,,2,2,0.1115499883890152,0.1115499883890152,0.1115499883890152,0.0,2,0,,,,,2,2
2026-01-23,,,,,2,2,,,,,2,2,0.11169970035552979,0.11169970035552979,0.11169970035552979,0.0,2,0,,,,,2,2
2026-01-24,3.251417001592927e-05,3.251417001592927e-05,3.251417001592927e-05,0.0,2,0,0.027883468195796013,0.027883468195796013,0.027883468195796013,0.0,2,0,0.11188473552465439,0.11188473552465439,0.11188473552465439,0.0,2,0,0.0004218126996420324,0.0004218126996420324,0.0004218126996420324,0.0,2,0
2026-01-25,,,,,2,2,0.02950723096728325,0.02950723096728325,0.02950723096728325,0.0,2,0,0.11168516054749489,0.11102576553821564,0.11234455555677414,0.0006593950092792511,2,0,,,,,2,2
2026-01-26,,,,,2,2,0.023387011140584946,0.023387011140584946,0.023387011140584946,0.0,2,0,0.11096112057566643,0.11069336533546448,0.11122887581586838,0.0002677552402019501,2,0,,,,,2,2
2026-01-27,,,,,2,2,0.028094789013266563,0.028094789013266563,0.028094789013266563,0.0,2,1,0.11379241943359375,0.11379241943359375,0.11379241943359375,0.0,2,0,,,,,2,2
2026-01-28,,,,,2,2,,,,,2,2,0.11431016027927399,0.11431016027927399,0.11431016027927399,0.0,2,0,,,,,2,2
2026-01-29,,,,,2,2,0.026945063844323158,0.026945063844323158,0.026945063844323158,0.0,2,0,0.11470074951648712,0.11470074951648712,0.11470074951648712,0.0,2,0,,,,,2,2
2026-01-30,,,,,2,2,0.03357188031077385,0.03253936767578125,0.03460439294576645,0.0010325126349925995,2,0,0.11632917076349258,0.11632917076349258,0.11632917076349258,0.0,2,0,,,,,2,2
2026-01-31,3.7939167668810114e-05,3.7939167668810114e-05,3.7939167668810114e-05,0.0,2,0,0.03057548962533474,0.03057548962533474,0.03057548962533474,0.0,2,0,0.11396197229623795,0.11396197229623795,0.11396197229623795,0.0,2,0,-0.00011699089372996241,-0.00011699089372996241,-0.00011699089372996241,0.0,2,0
2026-02-01,,,,,2,2,,,,,2,2,0.1142437532544136,0.1142437532544136,0.1142437532544136,0.0,2,0,-0.00031205284176394343,-0.00031205284176394343,-0.00031205284176394343,0.0,2,0
2026-02-02,,,,,2,2,,,,,2,2,0.11361207813024521,0.11361207813024521,0.11361207813024521,0.0,2,0,-0.00029834258020855486,-0.00029834258020855486,-0.00029834258020855486,0.0,2,0
2026-02-03,1.83962374649127e-05,7.820355676813051e-06,2.897211925301235e-05,1.057588178809965e-05,2,0,0.031779125332832336,0.031779125332832336,0.031779125332832336,0.0,2,0,0.11400799825787544,0.11388938128948212,0.11412661522626877,0.0001186169683933258,2,0,5.383960888138972e-05,-4.1796920413617045e-05,0.0001494761381763965,9.563652929500677e-05,2,0
2026-02-04,1.532962232886348e-05,1.532962232886348e-05,1.532962232886348e-05,0.0,2,0,0.024901803582906723,0.024901803582906723,0.024901803582906723,0.0,2,0,0.11522454768419266,0.11522454768419266,0.11522454768419266,0.0,2,0,-1.2103800145268906e-05,-1.2103800145268906e-05,-1.2103800145268906e-05,0.0,2,0
2026-02-05,,,,,2,2,,,,,2,2,0.11405044794082642,0.11405044794082642,0.11405044794082642,0.0,2,0,,,,,2,2
2026-02-06,,,,,2,2,0.03252306208014488,0.03252306208014488,0.03252306208014488,0.0,2,0,0.11518249660730362,0.11518249660730362,0.11518249660730362,0.0,2,0,0.0002260252513224259,0.0002260252513224259,0.0002260252513224259,0.0,2,0
2026-02-07,,,,,2,2,,,,,2,2,0.1161307543516159,0.1161307543516159,0.1161307543516159,0.0,2,0,,,,,2,2
2026-02-08,,,,,2,2,,,,,2,2,0.11459363996982574,0.11459363996982574,0.11459363996982574,0.0,2,0,,,,,2,2
2026-02-09,,,,,2,2,,,,,2,2,0.11268303543329239,0.11268303543329239,0.11268303543329239,0.0,2,0,,,,,2,2
2026-02-10,,,,,2,2,,,,,2,2,0.11260998249053955,0.11260998249053955,0.11260998249053955,0.0,2,0,,,,,2,2
2026-02-11,,,,,2,2,0.029114043340086937,0.02723546326160431,0.030992623418569565,0.0018785800784826279,2,0,0.11197122931480408,0.11197122931480408,0.11197122931480408,0.0,2,0,5.0834027206292376e-05,5.0834027206292376e-05,5.0834027206292376e-05,0.0,2,0
2026-02-12,,,,,2,2,,,,,2,2,0.11232899129390717,0.11232899129390717,0.11232899129390717,0.0,2,0,,,,,2,2
2026-02-13,,,,,2,2,,,,,2,2,0.11380039155483246,0.11380039155483246,0.11380039155483246,0.0,2,0,,,,,2,2
2026-02-14,,,,,2,2,,,,,2,2,0.11253506690263748,0.11253506690263748,0.11253506690263748,0.0,2,0,0.0001988027652259916,0.0001988027652259916,0.0001988027652259916,0.0,2,0
2026-02-15,,,,,2,2,0.02790536917746067,0.02790536917746067,0.02790536917746067,0.0,2,0,0.11191574484109879,0.11191574484109879,0.11191574484109879,0.0,2,0,8.915372018236667e-05,8.915372018236667e-05,8.915372018236667e-05,0.0,2,0
2026-02-16,,,,,2,2,0.023709941655397415,0.023709941655397415,0.023709941655397415,0.0,2,0,0.11642944067716599,0.11642944067716599,0.11642944067716599,0.0,2,0,0.00036515650572255254,0.00036515650572255254,0.00036515650572255254,0.0,2,0
2026-02-17,,,,,2,2,0.02837679162621498,0.02837679162621498,0.02837679162621498,0.0,2,0,0.1148613914847374,0.1148613914847374,0.1148613914847374,0.0,2,0,0.0002681566111277789,0.0002681566111277789,0.0002681566111277789,0.0,2,0
2026-02-18,,,,,2,2,,,,,2,2,0.11405602842569351,0.11405602842569351,0.11405602842569351,0.0,2,0,,,,,2,2
2026-02-19,,,,,2,2,,,,,2,2,0.10964855551719666,0.10964855551719666,0.10964855551719666,0.0,2,0,,,,,2,2
2026-02-20,,,,,2,2,,,,,2,2,0.10950902104377747,0.10950902104377747,0.10950902104377747,0.0,2,0,,,,,2,2
2026-02-21,,,,,2,2,,,,,2,2,0.11328400671482086,0.11328400671482086,0.11328400671482086,0.0,2,0,,,,,2,2
2026-02-22,,,,,2,2,,,,,2,2,0.11335340887308121,0.11335340887308121,0.11335340887308121,0.0,2,0,,,,,2,2
2026-02-23,,,,,2,2,,,,,2,2,0.113543801009655,0.113543801009655,0.113543801009655,0.0,2,0,5.827250788570382e-06,5.827250788570382e-06,5.827250788570382e-06,0.0,2,0
2026-02-24,,,,,2,2,,,,,2,2,0.11376255005598068,0.11376255005598068,0.11376255005598068,0.0,2,0,,,,,2,2
2026-02-25,,,,,2,2,,,,,2,2,0.11036878079175949,0.11036878079175949,0.11036878079175949,0.0,2,0,,,,,2,2
2026-02-26,,,,,2,2,,,,,2,2,0.1147509478032589,0.11470881849527359,0.1147930771112442,4.2129307985305786e-05,2,0,,,,,2,2
2026-02-27,2.3802382202120498e-05,2.3802382202120498e-05,2.3802382202120498e-05,0.0,2,0,,,,,2,2,0.11257217079401016,0.11257217079401016,0.11257217079401016,0.0,2,0,-0.0001276119437534362,-0.0001276119437534362,-0.0001276119437534362,0.0,2,0
2026-02-28,3.4472981496946886e-05,3.4472981496946886e-05,3.4472981496946886e-05,0.0,2,0,0.025962792336940765,0.025962792336940765,0.025962792336940765,0.0,2,0,0.1139829009771347,0.1139829009771347,0.1139829009771347,0.0,2,0,0.00044830379192717373,0.00044830379192717373,0.00044830379192717373,0.0,2,0
2026-03-01,,,,,2,2,,,,,2,2,0.11526501178741455,0.11526501178741455,0.11526501178741455,0.0,2,0,,,,,2,2
2026-03-02,,,,,2,2,,,,,2,2,0.11472008377313614,0.11472008377313614,0.11472008377313614,0.0,2,0,,,,,2,2
2026-03-03,,,,,2,2,0.02676413580775261,0.02676413580775261,0.02676413580775261,0.0,2,0,0.11316128820180893,0.11316128820180893,0.11316128820180893,0.0,2,0,-0.00012239070201758295,-0.00012239070201758295,-0.00012239070201758295,0.0,2,0
2026-03-04,3.217458288418129e-05,3.217458288418129e-05,3.217458288418129e-05,0.0,2,0,0.028942056000232697,0.028942056000232697,0.028942056000232697,0.0,2,0,0.11280675232410431,0.11280675232410431,0.11280675232410431,0.0,2,0,0.00012859489652328193,0.00012859489652328193,0.00012859489652328193,0.0,2,0
2026-03-05,,,,,2,2,0.025195742025971413,0.025195742025971413,0.025195742025971413,0.0,2,0,0.1135568842291832,0.1135568842291832,0.1135568842291832,0.0,2,0,0.0002520974667277187,0.0002520974667277187,0.0002520974667277187,0.0,2,0
2026-03-06,,,,,2,2,,,,,2,2,0.11498081311583519,0.11481482535600662,0.11514680087566376,0.0001659877598285675,2,0,,,,,2,2
2026-03-07,,,,,2,2,,,,,2,2,0.11526047065854073,0.11524949222803116,0.11527144908905029,1.097843050956726e-05,2,0,-7.82472561695613e-05,-0.00019015530415344983,3.366079181432724e-05,0.00011190804798388854,2,0
2026-03-08,1.960187182703521e-05,1.960187182703521e-05,1.960187182703521e-05,0.0,2,0,0.03288719058036804,0.03288719058036804,0.03288719058036804,0.0,2,0,0.11314413696527481,0.11314413696527481,0.11314413696527481,0.0,2,0,0.00010958626808132976,0.00010958626808132976,0.00010958626808132976,0.0,2,0
2026-03-09,1.6693655197741464e-05,1.2252585293026641e-05,2.1134725102456287e-05,4.441069904714823e-06,2,0,0.04001845791935921,0.04001845791935921,0.04001845791935921,0.0,2,0,0.1140112653374672,0.11317078024148941,0.11485175043344498,0.0008404850959777832,2,0,-0.0001077354208973702,-0.00018991167598869652,-2.5559165806043893e-05,8.217625509132631e-05,2,0
2026-03-10,,,,,2,2,0.03334330767393112,0.03334330767393112,0.03334330767393112,0.0,2,0,0.11381622031331062,0.11375627666711807,0.11387616395950317,5.994364619255066e-05,2,0,5.836984564666636e-05,-6.104697968112305e-05,0.00017778667097445577,0.00011941682532778941,2,0
2026-03-11,,,,,2,2,,,,,2,2,0.11009937524795532,0.11009937524795532,0.11009937524795532,0.0,2,0,0.000242129186517559,0.000242129186517559,0.000242129186517559,0.0,2,0
2026-03-12,1.616076951904688e-05,1.616076951904688e-05,1.616076951904688e-05,0.0,2,0,0.02790922299027443,0.02790922299027443,0.02790922299027443,0.0,2,0,0.11507017910480499,0.11507017910480499,0.11507017910480499,0.0,2,0,-0.00016987332492135465,-0.00016987332492135465,-0.00016987332492135465,0.0,2,0
2026-03-13,2.7395215511205606e-05,1.8305225239600986e-05,3.6485205782810226e-05,9.08999027160462e-06,2,0,0.031993310898542404,0.031993310898542404,0.031993310898542404,0.0,2,0,0.1150556281208992,0.11491308361291885,0.11519817262887955,0.00014254450798034668,2,0,1.901267262383044e-05,2.273977997901966e-06,3.5751367249758914e-05,1.6738694625928474e-05,2,0
2026-03-14,2.795655746012926e-05,2.795655746012926e-05,2.795655746012926e-05,0.0,2,0,0.030287384055554867,0.030167371034622192,0.03040739707648754,0.00012001302093267441,2,0,0.11476040631532669,0.11476040631532669,0.11476040631532669,0.0,2,0,-0.00022542533406522125,-0.00022542533406522125,-0.00022542533406522125,0.0,2,0
2026-03-15,,,,,2,2,0.03243667632341385,0.03125080093741417,0.03362255170941353,0.0011858753859996796,2,0,0.11604658514261246,0.11604658514261246,0.11604658514261246,0.0,2,0,7.054747402435169e-05,7.054747402435169e-05,7.054747402435169e-05,0.0,2,0
2026-03-16,3.720628228620626e-05,3.720628228620626e-05,3.720628228620626e-05,0.0,2,0,0.02782527171075344,0.02782527171075344,0.02782527171075344,0.0,2,0,0.1138005331158638,0.1138005331158638,0.1138005331158638,0.0,2,0,-0.000138547969982028,-0.000138547969982028,-0.000138547969982028,0.0,2,0
2026-03-17,,,,,2,2,,,,,2,2,0.1139393299818039,0.1139393299818039,0.1139393299818039,0.0,2,0,,,,,2,2
2026-03-18,,,,,2,2,,,,,2,2,0.11356938630342484,0.11356938630342484,0.11356938630342484,0.0,2,0,,,,,2,2
2026-03-19,,,,,2,2,0.02268368750810623,0.02268368750810623,0.02268368750810623,0.0,2,0,0.11272544413805008,0.11231934279203415,0.11313154548406601,0.0004061013460159302,2,0,,,,,2,2
2026-03-20,,,,,2,2,,,,,2,2,0.11507709324359894,0.11507709324359894,0.11507709324359894,0.0,2,0,,,,,2,2
2026-03-21,,,,,2,2,,,,,2,2,0.11490552127361298,0.11490552127361298,0.11490552127361298,0.0,2,0,,,,,2,2
2026-03-22,,,,,2,2,,,,,2,2,0.11497798562049866,0.11485353112220764,0.11510244011878967,0.00012445449829101562,2,0,,,,,2,2
2026-03-23,1.8234504750580527e-05,1.8234504750580527e-05,1.8234504750580527e-05,0.0,2,0,0.028443550691008568,0.028443550691008568,0.028443550691008568,0.0,2,0,0.11580436676740646,0.11580436676740646,0.11580436676740646,0.0,2,0,-1.6523008525837213e-05,-1.6523008525837213e-05,-1.6523008525837213e-05,0.0,2,0
2026-03-24,,,,,2,2,,,,,2,2,0.1160573810338974,0.11596167087554932,0.11615309119224548,9.57101583480835e-05,2,0,3.6308034395915456e-05,2.0251252863090485e-05,5.236481592874043e-05,1.605678153282497e-05,2,0
2026-03-25,,,,,2,2,0.029681753367185593,0.029681753367185593,0.029681753367185593,0.0,2,0,0.11680442094802856,0.11680442094802856,0.11680442094802856,0.0,2,0,,,,,2,2
2026-03-26,,,,,2,2,0.02913777530193329,0.02913777530193329,0.02913777530193329,0.0,2,0,0.11506208032369614,0.11423591524362564,0.11588824540376663,0.0008261650800704956,2,0,-0.0002853348560165614,-0.0002853348560165614,-0.0002853348560165614,0.0,2,1
2026-03-27,4.6719538659090176e-05,4.6719538659090176e-05,4.6719538659090176e-05,0.0,2,0,0.029288943856954575,0.029288943856954575,0.029288943856954575,0.0,2,0,0.11856634169816971,0.11856634169816971,0.11856634169816971,0.0,2,0,-0.0004660579143092036,-0.0004660579143092036,-0.0004660579143092036,0.0,2,0
2026-03-28,,,,,2,2,,,,,2,2,0.11616893857717514,0.11616893857717514,0.11616893857717514,0.0,2,0,,,,,2,2
2026-03-29,,,,,2,2,0.03079737164080143,0.03079737164080143,0.03079737164080143,0.0,2,0,0.11526479199528694,0.1141531690955162,0.11637641489505768,0.0011116228997707367,2,0,0.00033355201594531536,0.00033355201594531536,0.00033355201594531536,0.0,2,1
2026-03-30,,,,,2,2,,,,,2,2,0.11616949737071991,0.11616949737071991,0.11616949737071991,0.0,2,0,,,,,2,2
2026-03-31,,,,,2,2,,,,,2,2,0.11728641390800476,0.11728641390800476,0.11728641390800476,0.0,2,0,,,,,2,2
2026-04-01,4.0202859963756055e-05,4.0202859963756055e-05,4.0202859963756055e-05,0.0,2,0,0.03031572513282299,0.03031572513282299,0.03031572513282299,0.0,2,0,0.11639263480901718,0.11639263480901718,0.11639263480901718,0.0,2,0,-0.00023100209364201874,-0.00023100209364201874,-0.00023100209364201874,0.0,2,0
2026-04-02,8.262702976935543e-05,8.090020128292963e-05,8.435385825578123e-05,1.7268284864258021e-06,2,0,,,,,2,2,0.1189824752509594,0.11845791339874268,0.11950703710317612,0.0005245618522167206,2,0,0.0003270046436227858,0.0003270046436227858,0.0003270046436227858,0.0,2,1
2026-04-03,2.9941948014311492e-05,2.9941948014311492e-05,2.9941948014311492e-05,0.0,2,0,0.026723308488726616,0.026723308488726616,0.026723308488726616,0.0,2,0,0.11619790643453598,0.11619790643453598,0.11619790643453598,0.0,2,0,3.7510795664275065e-05,3.7510795664275065e-05,3.7510795664275065e-05,0.0,2,0
2026-04-04,,,,,2,2,,,,,2,2,0.11780168116092682,0.11780168116092682,0.11780168116092682,0.0,2,0,,,,,2,2
2026-04-05,3.4228858567075804e-05,3.4228858567075804e-05,3.4228858567075804e-05,0.0,2,0,0.02554095908999443,0.02502533607184887,0.026056582108139992,0.0005156230181455612,2,0,0.11627833545207977,0.11627833545207977,0.11627833545207977,0.0,2,0,0.0002941315178759396,0.0002941315178759396,0.0002941315178759396,0.0,2,0
2026-04-06,,,,,2,2,,,,,2,2,0.11737660318613052,0.11737660318613052,0.11737660318613052,0.0,2,0,,,,,2,2
2026-04-07,,,,,2,2,,,,,2,2,0.1163283921778202,0.11584576219320297,0.11681102216243744,0.0004826299846172333,2,0,,,,,2,2
2026-04-08,4.7508332500001416e-05,4.7508332500001416e-05,4.7508332500001416e-05,0.0,2,0,0.02973407693207264,0.02973407693207264,0.02973407693207264,0.0,2,0,0.11784056574106216,0.11784056574106216,0.11784056574106216,0.0,2,0,0.00010223899880656973,0.00010223899880656973,0.00010223899880656973,0.0,2,0
2026-04-09,,,,,2,2,,,,,2,2,0.11820317059755325,0.11820317059755325,0.11820317059755325,0.0,2,0,2.506523742340505e-05,2.506523742340505e-05,2.506523742340505e-05,0.0,2,0
2026-04-10,,,,,2,2,,,,,2,2,0.11795983463525772,0.11795983463525772,0.11795983463525772,0.0,2,0,,,,,2,2
2026-04-11,,,,,2,2,,,,,2,2,0.1193174198269844,0.1193174198269844,0.1193174198269844,0.0,2,0,0.00011373948655091226,0.00011373948655091226,0.00011373948655091226,0.0,2,0
2026-04-12,,,,,2,2,0.02719995565712452,0.02659882791340351,0.027801083400845528,0.0006011277437210083,2,0,0.11845584213733673,0.11845584213733673,0.11845584213733673,0.0,2,0,,,,,2,2
2026-04-13,2.8425369237083942e-05,2.8425369237083942e-05,2.8425369237083942e-05,0.0,2,0,0.026580987498164177,0.026580987498164177,0.026580987498164177,0.0,2,0,0.1172182559967041,0.1172182559967041,0.1172182559967041,0.0,2,0,0.00027033299556933343,0.00027033299556933343,0.00027033299556933343,0.0,2,0
2026-04-14,1.86720208148472e-05,1.86720208148472e-05,1.86720208148472e-05,0.0,2,0,0.026166338473558426,0.026166338473558426,0.026166338473558426,0.0,2,0,0.11702319979667664,0.11702319979667664,0.11702319979667664,0.0,2,0,0.00025293693761341274,0.00025293693761341274,0.00025293693761341274,0.0,2,0
2026-04-15,3.448872666922398e-05,3.448872666922398e-05,3.448872666922398e-05,0.0,2,0,0.024305758997797966,0.024305758997797966,0.024305758997797966,0.0,2,0,0.11474835127592087,0.11474835127592087,0.11474835127592087,0.0,2,0,0.00043143739458173513,0.00043143739458173513,0.00043143739458173513,0.0,2,0
2026-04-16,3.8008549381629564e-05,3.6675708543043584e-05,3.9341390220215544e-05,1.3328408385859802e-06,2,0,0.027368472889065742,0.027368472889065742,0.027368472889065742,0.0,2,0,0.11629485711455345,0.11627936363220215,0.11631035059690475,1.54934823513031e-05,2,0,0.00022534003710461548,-2.196607420046348e-05,0.00047264614840969443,0.00024730611130507896,2,0
2026-04-17,3.750253745238297e-05,3.750253745238297e-05,3.750253745238297e-05,0.0,2,0,0.029124045744538307,0.029124045744538307,0.029124045744538307,0.0,2,0,0.11664611101150513,0.11664611101150513,0.11664611101150513,0.0,2,0,0.00029487512074410915,0.00029487512074410915,0.00029487512074410915,0.0,2,0
2026-04-18,,,,,2,2,0.030105934478342533,0.029004082083702087,0.03120778687298298,0.0011018523946404457,2,0,0.1175931766629219,0.1175931766629219,0.1175931766629219,0.0,2,0,,,,,2,2
2026-04-19,,,,,2,2,0.029872349463403225,0.029368408024311066,0.030376290902495384,0.0005039414390921593,2,0,0.11952701210975647,0.11952701210975647,0.11952701210975647,0.0,2,0,,,,,2,2
2026-04-20,7.109818761819042e-05,6.9844325480517e-05,7.235204975586385e-05,1.2538621376734227e-06,2,0,0.027288945391774178,0.027288945391774178,0.027288945391774178,0.0,2,0,0.11909555271267891,0.1189226284623146,0.11926847696304321,0.0001729242503643036,2,0,8.053582860156894e-06,-0.00016460470214951783,0.00018071186786983162,0.00017265828500967473,2,0
2026-04-21,,,,,2,2,0.033619560301303864,0.033619560301303864,0.033619560301303864,0.0,2,0,0.11622417718172073,0.11622417718172073,0.11622417718172073,0.0,2,0,,,,,2,2
2026-04-22,,,,,2,2,,,,,2,2,0.11554088443517685,0.11554088443517685,0.11554088443517685,0.0,2,0,,,,,2,2
2026-04-23,6.621691136388108e-05,6.621691136388108e-05,6.621691136388108e-05,0.0,2,0,,,,,2,2,0.1154298484325409,0.1154298484325409,0.1154298484325409,0.0,2,0,,,,,2,2
2026-04-24,9.765946742845699e-05,9.765946742845699e-05,9.765946742845699e-05,0.0,2,0,,,,,2,2,0.11887995898723602,0.11887995898723602,0.11887995898723602,0.0,2,0,-0.00032719981390982866,-0.00032719981390982866,-0.00032719981390982866,0.0,2,0
2026-04-25,3.287886647740379e-05,3.287886647740379e-05,3.287886647740379e-05,0.0,2,0,0.028124965727329254,0.028124965727329254,0.028124965727329254,0.0,2,0,0.117799773812294,0.117799773812294,0.117799773812294,0.0,2,0,-0.0003660329675767571,-0.0003660329675767571,-0.0003660329675767571,0.0,2,0
2026-04-26,,,,,2,2,0.026600275188684464,0.026600275188684464,0.026600275188684464,0.0,2,0,0.11615129560232162,0.11615129560232162,0.11615129560232162,0.0,2,0,-6.355577352223918e-05,-6.355577352223918e-05,-6.355577352223918e-05,0.0,2,0
2026-04-27,,,,,2,2,,,,,2,2,0.11534722149372101,0.11534722149372101,0.11534722149372101,0.0,2,0,,,,,2,2
2026-04-28,,,,,2,2,,,,,2,2,0.1159929521381855,0.11568833142518997,0.11629757285118103,0.0003046207129955292,2,0,,,,,2,2
2026-04-29,,,,,2,2,,,,,2,2,0.11767707392573357,0.11736473441123962,0.11798941344022751,0.00031233951449394226,2,0,,,,,2,2
2026-04-30,,,,,2,2,,,,,2,2,0.11422798782587051,0.11422798782587051,0.11422798782587051,0.0,2,0,,,,,2,2
2026-05-01,4.106793494429439e-05,3.495486089377664e-05,4.7181008994812146e-05,6.113074050517753e-06,2,0,0.025412267073988914,0.025412267073988914,0.025412267073988914,0.0,2,0,0.11627074331045151,0.11612924188375473,0.11641224473714828,0.00014150142669677734,2,0,0.0001697776824585162,0.00014661092427559197,0.00019294444064144045,2.316675818292424e-05,2,0
2026-05-02,,,,,2,2,0.02459973283112049,0.02459973283112049,0.02459973283112049,0.0,2,0,0.11633042246103287,0.11633042246103287,0.11633042246103287,0.0,2,0,,,,,2,2
2026-05-03,,,,,2,2,0.026022516191005707,0.026022516191005707,0.026022516191005707,0.0,2,0,0.11476284265518188,0.11476284265518188,0.11476284265518188,0.0,2,0,-3.6910074413754046e-05,-3.6910074413754046e-05,-3.6910074413754046e-05,0.0,2,0
2026-05-04,6.176625902298838e-05,6.176625902298838e-05,6.176625902298838e-05,0.0,2,0,,,,,2,2,0.11743742972612381,0.11743742972612381,0.11743742972612381,0.0,2,0,0.00019730439817067236,0.00019730439817067236,0.00019730439817067236,0.0,2,0
2026-05-05,3.34036085405387e-05,3.34036085405387e-05,3.34036085405387e-05,0.0,2,0,0.028348399326205254,0.028348399326205254,0.028348399326205254,0.0,2,0,,,,,2,2,,,,,2,2
2026-05-06,5.195885933062527e-05,4.949426875100471e-05,5.4423449910245836e-05,2.4645905796205625e-06,2,0,0.029203258454799652,0.029203258454799652,0.029203258454799652,0.0,2,0,0.11865275353193283,0.1173083558678627,0.11999715119600296,0.0013443976640701294,2,0,0.00016031401901273057,0.00010666118760127574,0.0002139668504241854,5.3652831411454827e-05,2,0
2026-05-07,6.565409421455115e-05,6.17321566096507e-05,6.95760318194516e-05,3.9219376049004495e-06,2,0,,,,,2,2,0.11830625310540199,0.1176365315914154,0.11897597461938858,0.0006697215139865875,2,0,1.921318471431732e-06,-7.674141670577228e-05,8.058405364863575e-05,7.866273517720401e-05,2,0
2026-05-08,3.9862732592155226e-05,3.38820755132474e-05,4.584338967106305e-05,5.980657078907825e-06,2,0,0.030500710010528564,0.030500710010528564,0.030500710010528564,0.0,2,0,0.116912841796875,0.11666746437549591,0.11715821921825409,0.00024537742137908936,2,0,0.00021617904349113815,2.0131170458626002e-05,0.0004122269165236503,0.00019604787303251214,2,0
2026-05-09,,,,,2,2,,,,,2,2,0.11705269664525986,0.11635708808898926,0.11774830520153046,0.0006956085562705994,2,0,,,,,2,2
2026-05-10,,,,,2,2,0.031795669347047806,0.031795669347047806,0.031795669347047806,0.0,2,0,0.11670264601707458,0.1167021170258522,0.11670317500829697,5.289912223815918e-07,2,0,0.0001285527123400243,4.5766242692479864e-05,0.00021133918198756874,8.278646964754444e-05,2,0
2026-05-11,3.503626794554293e-05,3.503626794554293e-05,3.503626794554293e-05,0.0,2,0,0.025991026312112808,0.025991026312112808,0.025991026312112808,0.0,2,0,0.11544523388147354,0.11544523388147354,0.11544523388147354,0.0,2,0,0.00020904258417431265,0.00020904258417431265,0.00020904258417431265,0.0,2,0
2026-05-12,6.105139618739486e-05,6.105139618739486e-05,6.105139618739486e-05,0.0,2,0,0.03107346221804619,0.03107346221804619,0.03107346221804619,0.0,2,0,0.11430737376213074,0.11430737376213074,0.11430737376213074,0.0,2,0,-0.0006465055048465729,-0.0006465055048465729,-0.0006465055048465729,0.0,2,0
2026-05-13,5.412304017227143e-05,5.412304017227143e-05,5.412304017227143e-05,0.0,2,0,0.02694562077522278,0.02694562077522278,0.02694562077522278,0.0,2,0,0.11484818160533905,0.11484818160533905,0.11484818160533905,0.0,2,0,0.00014683404879178852,0.00014683404879178852,0.00014683404879178852,0.0,2,0
2026-05-14,5.686335498467088e-05,5.686335498467088e-05,5.686335498467088e-05,0.0,2,0,0.023545168340206146,0.023545168340206146,0.023545168340206146,0.0,2,0,0.11463479697704315,0.11463479697704315,0.11463479697704315,0.0,2,0,-5.8219735365128145e-05,-5.8219735365128145e-05,-5.8219735365128145e-05,0.0,2,0
2026-05-15,,,,,2,2,0.030544331297278404,0.030544331297278404,0.030544331297278404,0.0,2,0,0.11729786545038223,0.11729786545038223,0.11729786545038223,0.0,2,0,,,,,2,2
2026-05-16,2.928785943367984e-05,2.928785943367984e-05,2.928785943367984e-05,0.0,2,1,0.028984959237277508,0.028524840250611305,0.02944507822394371,0.00046011898666620255,2,0,0.11534811556339264,0.11519759148359299,0.11549863964319229,0.0001505240797996521,2,0,6.013148413330782e-05,-3.557842501322739e-05,0.00015584139327984303,9.570990914653521e-05,2,0
2026-05-17,,,,,2,2,,,,,2,2,0.11264211684465408,0.11264211684465408,0.11264211684465408,0.0,2,0,,,,,2,2
2026-05-18,,,,,2,2,0.030426783487200737,0.030426783487200737,0.030426783487200737,0.0,2,0,0.11572325229644775,0.11572325229644775,0.11572325229644775,0.0,2,0,0.00014629942597821355,0.00014629942597821355,0.00014629942597821355,0.0,2,0
2026-05-19,,,,,2,2,0.029495785012841225,0.029495785012841225,0.029495785012841225,0.0,2,0,0.11526370793581009,0.11526370793581009,0.11526370793581009,0.0,2,0,,,,,2,2
2026-05-20,,,,,2,2,0.030629100278019905,0.02873600646853447,0.03252219408750534,0.0018930938094854355,2,0,0.11709614843130112,0.11709614843130112,0.11709614843130112,0.0,2,0,,,,,2,2
2026-05-21,3.8299174775602296e-05,3.8299174775602296e-05,3.8299174775602296e-05,0.0,2,1,0.026512950658798218,0.026512950658798218,0.026512950658798218,0.0,2,0,0.11546040698885918,0.11437804996967316,0.1165427640080452,0.00108235701918602,2,0,3.11618423438631e-05,3.11618423438631e-05,3.11618423438631e-05,0.0,2,1
2026-05-22,,,,,2,2,0.027902210131287575,0.02727610617876053,0.02852831408381462,0.0006261039525270462,2,0,0.11673138290643692,0.11673138290643692,0.11673138290643692,0.0,2,0,,,,,2,2
2026-05-23,,,,,2,2,0.03536932170391083,0.03536932170391083,0.03536932170391083,0.0,2,0,0.11590979993343353,0.11590979993343353,0.11590979993343353,0.0,2,0,,,,,2,2
2026-05-24,,,,,2,2,0.037001367658376694,0.037001367658376694,0.037001367658376694,0.0,2,0,0.116439089179039,0.116439089179039,0.116439089179039,0.0,2,0,,,,,2,2
2026-05-25,,,,,2,2,0.032175950706005096,0.032175950706005096,0.032175950706005096,0.0,2,0,0.11654302477836609,0.11654302477836609,0.11654302477836609,0.0,2,0,,,,,2,2
2026-05-26,,,,,2,2,0.03414921090006828,0.03414921090006828,0.03414921090006828,0.0,2,0,0.11756029352545738,0.11755648255348206,0.11756410449743271,3.810971975326538e-06,2,0,9.192737707053311e-06,9.192737707053311e-06,9.192737707053311e-06,0.0,2,1
2026-05-27,,,,,2,2,0.03137017413973808,0.03137017413973808,0.03137017413973808,0.0,2,0,0.11656215041875839,0.11568891257047653,0.11743538826704025,0.0008732378482818604,2,0,,,,,2,2
2026-05-28,,,,,2,2,0.028153713792562485,0.028153713792562485,0.028153713792562485,0.0,2,0,0.11722967773675919,0.11722967773675919,0.11722967773675919,0.0,2,0,,,,,2,2
2026-05-29,,,,,2,2,0.03232140839099884,0.03232140839099884,0.03232140839099884,0.0,2,0,0.11897710338234901,0.1184275671839714,0.11952663958072662,0.0005495361983776093,2,0,,,,,2,2
2026-05-30,,,,,2,2,,,,,2,2,0.11949875950813293,0.11949875950813293,0.11949875950813293,0.0,2,0,,,,,2,2
2026-05-31,4.839006578549743e-05,4.839006578549743e-05,4.839006578549743e-05,0.0,2,0,0.030376460403203964,0.029370557516813278,0.03138236328959465,0.001005902886390686,2,0,0.11596135795116425,0.11596135795116425,0.11596135795116425,0.0,2,0,-2.479770773788914e-05,-2.479770773788914e-05,-2.479770773788914e-05,0.0,2,0
2026-06-01,4.411536792758852e-05,4.411536792758852e-05,4.411536792758852e-05,0.0,2,0,0.027612466365098953,0.027612466365098953,0.027612466365098953,0.0,2,0,0.11565101146697998,0.11565101146697998,0.11565101146697998,0.0,2,0,-0.0001681293942965567,-0.0001681293942965567,-0.0001681293942965567,0.0,2,0
2026-06-02,8.361700747627765e-05,8.361700747627765e-05,8.361700747627765e-05,0.0,2,0,,,,,2,2,0.11624819040298462,0.11624819040298462,0.11624819040298462,0.0,2,0,0.0002614381373859942,0.0002614381373859942,0.0002614381373859942,0.0,2,0
2026-06-03,,,,,2,2,0.023630544543266296,0.023630544543266296,0.023630544543266296,0.0,2,0,0.11490233987569809,0.11490233987569809,0.11490233987569809,0.0,2,0,,,,,2,2
2026-06-04,7.059863128233701e-05,7.059863128233701e-05,7.059863128233701e-05,0.0,2,0,0.029731575399637222,0.029731575399637222,0.029731575399637222,0.0,2,0,0.11663123965263367,0.11663123965263367,0.11663123965263367,0.0,2,0,-0.00026067200815305114,-0.00026067200815305114,-0.00026067200815305114,0.0,2,0
2026-06-05,4.359956437838264e-05,3.809093323070556e-05,4.910819552605972e-05,5.508631147677079e-06,2,0,0.0290996041148901,0.0290996041148901,0.0290996041148901,0.0,2,0,0.11781968548893929,0.11767514795064926,0.11796422302722931,0.0001445375382900238,2,0,0.00013701256102649495,0.00012980827887076885,0.00014421684318222106,7.204282155726105e-06,2,0
2026-06-06,2.8739465051330626e-05,2.8739465051330626e-05,2.8739465051330626e-05,0.0,2,0,0.022087613120675087,0.022009259089827538,0.022165967151522636,7.835403084754944e-05,2,0,0.1188541129231453,0.1188541129231453,0.1188541129231453,0.0,2,0,0.0005736545426771045,0.0005736545426771045,0.0005736545426771045,0.0,2,0
2026-06-07,3.971809201175347e-05,3.971809201175347e-05,3.971809201175347e-05,0.0,2,0,0.027515871450304985,0.024128934368491173,0.030902808532118797,0.0033869370818138123,2,0,0.1150982454419136,0.1150982454419136,0.1150982454419136,0.0,2,0,-7.82172501203604e-05,-7.82172501203604e-05,-7.82172501203604e-05,0.0,2,0
2026-06-08,5.963675903331023e-05,5.147212141309865e-05,6.78013966535218e-05,8.164637620211579e-06,2,0,0.02855200134217739,0.02855200134217739,0.02855200134217739,0.0,2,0,0.11861258745193481,0.11844218522310257,0.11878298968076706,0.00017040222883224487,2,0,0.00018482228188076988,-0.00013534915342461318,0.0005049937171861529,0.00032017143530538306,2,0
2026-06-09,7.868943794164807e-05,7.868943794164807e-05,7.868943794164807e-05,0.0,2,0,0.032652225345373154,0.032652225345373154,0.032652225345373154,0.0,2,0,0.11897854506969452,0.11897854506969452,0.11897854506969452,0.0,2,0,-0.0009718303917907178,-0.0009718303917907178,-0.0009718303917907178,0.0,2,0
2026-06-10,6.517774454550818e-05,6.517774454550818e-05,6.517774454550818e-05,0.0,2,0,0.035276148468256,0.035276148468256,0.035276148468256,0.0,2,0,0.11808726191520691,0.11808726191520691,0.11808726191520691,0.0,2,0,0.0002124487655237317,0.0002124487655237317,0.0002124487655237317,0.0,2,0
2026-06-11,7.284785897354595e-05,7.247633766382933e-05,7.321938028326258e-05,3.71521309716627e-07,2,0,0.03048505075275898,0.03048505075275898,0.03048505075275898,0.0,2,0,0.11795906722545624,0.1179390400648117,0.11797909438610077,2.002716064453125e-05,2,0,0.0002849045195034705,-2.4229651899076998e-05,0.000594038690906018,0.0003091341714025475,2,0
2026-06-12,,,,,2,2,,,,,2,2,0.11142924427986145,0.11142924427986145,0.11142924427986145,0.0,2,0,,,,,2,2
2026-06-13,7.92314313002862e-05,7.92314313002862e-05,7.92314313002862e-05,0.0,2,0,0.022891974076628685,0.022891974076628685,0.022891974076628685,0.0,2,0,0.11247065663337708,0.11247065663337708,0.11247065663337708,0.0,2,0,0.0001963692920980975,0.0001963692920980975,0.0001963692920980975,0.0,2,0
2026-06-14,3.31222872773651e-05,3.31222872773651e-05,3.31222872773651e-05,0.0,2,0,,,,,2,2,0.11171575635671616,0.11171575635671616,0.11171575635671616,0.0,2,0,-8.503357094014063e-06,-8.503357094014063e-06,-8.503357094014063e-06,0.0,2,0
2026-06-15,7.086254481691867e-05,7.086254481691867e-05,7.086254481691867e-05,0.0,2,0,0.026571741327643394,0.026571741327643394,0.026571741327643394,0.0,2,0,0.11333628743886948,0.11333628743886948,0.11333628743886948,0.0,2,0,-0.0002986013423651457,-0.0002986013423651457,-0.0002986013423651457,0.0,2,0
2026-06-16,5.042844350100495e-05,5.042844350100495e-05,5.042844350100495e-05,0.0,2,0,0.02716800756752491,0.02716800756752491,0.02716800756752491,0.0,2,0,0.11504843831062317,0.11504843831062317,0.11504843831062317,0.0,2,0,-0.0003801134880632162,-0.0003801134880632162,-0.0003801134880632162,0.0,2,0
2026-06-17,5.688991950592026e-05,5.562996739172377e-05,5.8149871620116755e-05,1.2599521141964942e-06,2,0,0.02642827481031418,0.02583768032491207,0.027018869295716286,0.0005905944854021072,2,0,0.11550851911306381,0.11546552926301956,0.11555150896310806,4.298985004425049e-05,2,0,0.00020027701975777745,-0.00016355502884835005,0.000564109068363905,0.0003638320486061275,2,0
2026-06-18,6.922279862919822e-05,6.378594844136387e-05,7.465964881703258e-05,5.436850187834352e-06,2,0,,,,,2,2,0.11663578450679779,0.11575577408075333,0.11751579493284225,0.0008800104260444641,2,0,-1.5638834156561643e-05,-0.00014598367852158844,0.00011470601020846516,0.0001303448443650268,2,0
2026-06-19,6.431776273529977e-05,6.431776273529977e-05,6.431776273529977e-05,0.0,2,0,,,,,2,2,0.1174512505531311,0.1174512505531311,0.1174512505531311,0.0,2,0,0.000707896426320076,0.000707896426320076,0.000707896426320076,0.0,2,0
2026-06-20,4.0512937630410306e-05,3.8698915886925533e-05,4.232695937389508e-05,1.8140217434847727e-06,2,0,0.029259104281663895,0.029259104281663895,0.029259104281663895,0.0,2,0,0.11924919113516808,0.11853280663490295,0.1199655756354332,0.0007163845002651215,2,0,0.0003982022462878376,0.00026291777612641454,0.0005334867164492607,0.0001352844701614231,2,0
2026-06-21,2.8187681891722605e-05,2.8187681891722605e-05,2.8187681891722605e-05,0.0,2,0,0.03083234280347824,0.03083234280347824,0.03083234280347824,0.0,2,0,0.11952255666255951,0.11952255666255951,0.11952255666255951,0.0,2,0,-0.00023863677051849663,-0.00023863677051849663,-0.00023863677051849663,0.0,2,0
2026-06-22,1.9948012777604163e-05,1.9948012777604163e-05,1.9948012777604163e-05,0.0,2,0,0.023979008197784424,0.023979008197784424,0.023979008197784424,0.0,2,0,0.11810220032930374,0.11810220032930374,0.11810220032930374,0.0,2,0,0.00016551819862797856,0.00016551819862797856,0.00016551819862797856,0.0,2,0
2026-06-23,,,,,2,2,0.02886317204684019,0.027828995138406754,0.029897348955273628,0.0010341769084334373,2,0,0.11791114881634712,0.11717226356267929,0.11865003407001495,0.0007388852536678314,2,0,-2.4384869902860373e-05,-9.386917372466996e-05,4.5099433918949217e-05,6.948430382180959e-05,2,0
2026-06-24,4.277767948224209e-05,3.9706428651697934e-05,4.584893031278625e-05,3.071250830544159e-06,2,0,0.026125773787498474,0.026125773787498474,0.026125773787498474,0.0,2,0,0.11434910073876381,0.11389341950416565,0.11480478197336197,0.0004556812345981598,2,0,-1.4946155715733767e-05,-0.00038740411400794983,0.0003575118025764823,0.00037245795829221606,2,0
2026-06-25,5.079543552710675e-05,5.079543552710675e-05,5.079543552710675e-05,0.0,2,0,0.032192837446928024,0.032192837446928024,0.032192837446928024,0.0,2,0,0.11544429510831833,0.11544429510831833,0.11544429510831833,0.0,2,0,7.530065340688452e-05,7.530065340688452e-05,7.530065340688452e-05,0.0,2,0
2026-06-26,3.919187292922288e-05,3.919187292922288e-05,3.919187292922288e-05,0.0,2,0,0.028126997873187065,0.027835743501782417,0.028418252244591713,0.00029125437140464783,2,0,0.11494168639183044,0.11494168639183044,0.11494168639183044,0.0,2,0,0.0005688032251782715,0.0005688032251782715,0.0005688032251782715,0.0,2,0
2026-06-27,5.1846007409039885e-05,5.1846007409039885e-05,5.1846007409039885e-05,0.0,2,0,0.0287347249686718,0.0287347249686718,0.0287347249686718,0.0,2,0,0.11273731291294098,0.11273731291294098,0.11273731291294098,0.0,2,0,0.00016547349514439702,0.00016547349514439702,0.00016547349514439702,0.0,2,0
2026-06-28,7.561116944998503e-05,6.529577512992546e-05,8.59265637700446e-05,1.0315394320059568e-05,2,0,0.03256702795624733,0.03256702795624733,0.03256702795624733,0.0,2,0,0.11411788687109947,0.11320295929908752,0.11503281444311142,0.0009149275720119476,2,0,0.0003032486274605617,0.0002775236207526177,0.00032897363416850567,2.5725006707943976e-05,2,0
2026-06-29,7.487082621082664e-05,7.487082621082664e-05,7.487082621082664e-05,0.0,2,0,0.02022203430533409,0.01939866878092289,0.021045399829745293,0.0008233655244112015,2,0,0.11546344310045242,0.11546344310045242,0.11546344310045242,0.0,2,0,0.00046721319085918367,0.00046721319085918367,0.00046721319085918367,0.0,2,0
2026-06-30,9.326158397016115e-05,8.696154691278934e-05,9.956162102753296e-05,6.30003705737181e-06,2,0,,,,,2,2,0.11740774288773537,0.11679490655660629,0.11802057921886444,0.0006128363311290741,2,0,0.0003637549962149933,0.0001022920769173652,0.0006252179155126214,0.0002614629192976281,2,0
2026-07-01,9.757331281434745e-05,9.757331281434745e-05,9.757331281434745e-05,0.0,2,0,0.03329608216881752,0.03329608216881752,0.03329608216881752,0.0,2,0,0.11893197894096375,0.11893197894096375,0.11893197894096375,0.0,2,0,-0.0012707405257970095,-0.0012707405257970095,-0.0012707405257970095,0.0,2,0
2026-07-02,8.532834181096405e-05,8.264528878498822e-05,8.801139483693987e-05,2.6830530259758234e-06,2,0,0.03060735296458006,0.029465017840266228,0.03174968808889389,0.0011423351243138313,2,0,0.1165015771985054,0.1160154864192009,0.1169876679778099,0.0004860907793045044,2,0,-5.824040272273123e-06,-0.00018180218467023224,0.000170154104125686,0.0001759781443979591,2,0
2026-07-03,7.493580778827891e-05,7.493580778827891e-05,7.493580778827891e-05,0.0,2,0,0.027952025644481182,0.027250222861766815,0.02865382842719555,0.0007018027827143669,2,0,0.1173713356256485,0.1173713356256485,0.1173713356256485,0.0,2,0,0.00013505612150765955,0.00013505612150765955,0.00013505612150765955,0.0,2,0
2026-07-04,3.3822416298789904e-05,3.3822416298789904e-05,3.3822416298789904e-05,0.0,2,0,0.026549136266112328,0.026549136266112328,0.026549136266112328,0.0,2,1,0.11760002374649048,0.11760002374649048,0.11760002374649048,0.0,2,0,-5.003424666938372e-05,-5.003424666938372e-05,-5.003424666938372e-05,0.0,2,0
2026-07-05,1.5069867004058324e-05,1.5069867004058324e-05,1.5069867004058324e-05,0.0,2,0,,,,,2,2,0.116485096514225,0.116485096514225,0.116485096514225,0.0,2,0,-0.00013756757834926248,-0.00013756757834926248,-0.00013756757834926248,0.0,2,0
2026-07-06,4.8288919060723856e-05,4.8288919060723856e-05,4.8288919060723856e-05,0.0,2,0,0.030592428520321846,0.02953513339161873,0.03164972364902496,0.0010572951287031174,2,0,,,,,2,2,,,,,2,2
2026-07-07,,,,,2,2,0.03295666724443436,0.03295666724443436,0.03295666724443436,0.0,2,0,0.11598701775074005,0.11598701775074005,0.11598701775074005,0.0,2,0,,,,,2,2
2026-07-08,6.627028778893873e-05,6.627028778893873e-05,6.627028778893873e-05,0.0,2,0,0.029724758118391037,0.028665691614151,0.030783824622631073,0.001059066504240036,2,0,0.11935331672430038,0.11935331672430038,0.11935331672430038,0.0,2,0,0.0005323975929059088,0.0005323975929059088,0.0005323975929059088,0.0,2,0
2026-07-09,8.16931133158505e-05,8.16931133158505e-05,8.16931133158505e-05,0.0,2,0,0.03219415247440338,0.03219415247440338,0.03219415247440338,0.0,2,0,0.12129373848438263,0.12129373848438263,0.12129373848438263,0.0,2,0,0.0002705918450374156,0.0002705918450374156,0.0002705918450374156,0.0,2,0
2026-07-10,5.7400484365643933e-05,5.7400484365643933e-05,5.7400484365643933e-05,0.0,2,0,0.029297657310962677,0.029297657310962677,0.029297657310962677,0.0,2,0,0.11908701807260513,0.11908701807260513,0.11908701807260513,0.0,2,0,-0.0003307985607534647,-0.0003307985607534647,-0.0003307985607534647,0.0,2,0
2026-07-11,,,,,2,2,,,,,2,2,0.11731361597776413,0.11731361597776413,0.11731361597776413,0.0,2,0,-0.0006266331183724105,-0.0006266331183724105,-0.0006266331183724105,0.0,2,0
2026-07-12,5.636972491629422e-05,5.636972491629422e-05,5.636972491629422e-05,0.0,2,0,0.03220772370696068,0.03220772370696068,0.03220772370696068,0.0,2,0,0.11762648075819016,0.11762648075819016,0.11762648075819016,0.0,2,0,-0.0006207076366990805,-0.0006207076366990805,-0.0006207076366990805,0.0,2,0
2026-07-13,4.301390072214417e-05,4.301390072214417e-05,4.301390072214417e-05,0.0,2,0,0.032699137926101685,0.032699137926101685,0.032699137926101685,0.0,2,0,0.11883479356765747,0.11883479356765747,0.11883479356765747,0.0,2,0,0.00039524142630398273,0.00039524142630398273,0.00039524142630398273,0.0,2,0
2026-07-14,4.043908847961575e-05,4.043908847961575e-05,4.043908847961575e-05,0.0,2,0,0.02743639051914215,0.02743639051914215,0.02743639051914215,0.0,2,0,0.11887437850236893,0.11887437850236893,0.11887437850236893,0.0,2,0,0.00012415077071636915,0.00012415077071636915,0.00012415077071636915,0.0,2,0
2026-07-15,4.374053605715744e-05,4.374053605715744e-05,4.374053605715744e-05,0.0,2,0,0.02155597135424614,0.02076287940144539,0.02234906330704689,0.0007930919528007507,2,0,0.11806059628725052,0.11806059628725052,0.11806059628725052,0.0,2,0,0.00034007130307145417,0.00034007130307145417,0.00034007130307145417,0.0,2,0
2026-07-16,4.724280734080821e-05,4.724280734080821e-05,4.724280734080821e-05,0.0,2,0,0.024862587451934814,0.024862587451934814,0.024862587451934814,0.0,2,0,0.11518032848834991,0.11518032848834991,0.11518032848834991,0.0,2,0,0.00011399992945371196,0.00011399992945371196,0.00011399992945371196,0.0,2,0
2026-07-17,5.974182568024844e-05,5.974182568024844e-05,5.974182568024844e-05,0.0,2,0,0.028607910498976707,0.028607910498976707,0.028607910498976707,0.0,2,0,0.11497313529253006,0.11497313529253006,0.11497313529253006,0.0,2,0,-0.0009872188093140721,-0.0009872188093140721,-0.0009872188093140721,0.0,2,0
2026-07-18,5.075945591670461e-05,5.075945591670461e-05,5.075945591670461e-05,0.0,2,0,0.03220938891172409,0.03220938891172409,0.03220938891172409,0.0,2,0,0.11621244996786118,0.11621244996786118,0.11621244996786118,0.0,2,0,5.916700683883391e-05,5.916700683883391e-05,5.916700683883391e-05,0.0,2,0
2026-07-19,,,,,2,2,0.03212031349539757,0.03212031349539757,0.03212031349539757,0.0,2,0,0.1168157085776329,0.1168157085776329,0.1168157085776329,0.0,2,0,3.3462769351899624e-05,3.3462769351899624e-05,3.3462769351899624e-05,0.0,2,0
2026-07-20,6.30540289421333e-05,5.926435915171169e-05,6.684369873255491e-05,3.7896697904216126e-06,2,0,0.032547950744628906,0.032547950744628906,0.032547950744628906,0.0,2,0,0.11488539725542068,0.11430609226226807,0.1154647022485733,0.0005793049931526184,2,0,3.682893611767213e-05,-1.2800833246728871e-05,8.645870548207313e-05,4.9629769364401e-05,2,0
2026-07-21,,,,,2,2,0.03580440580844879,0.03527708724141121,0.036331724375486374,0.0005273185670375824,2,0,0.11332773417234421,0.11332773417234421,0.11332773417234421,0.0,2,0,-0.00022397101565729827,-0.00022397101565729827,-0.00022397101565729827,0.0,2,0
2026-07-22,6.153232970973477e-05,6.153232970973477e-05,6.153232970973477e-05,0.0,2,0,0.03692756965756416,0.03692756965756416,0.03692756965756416,0.0,2,0,0.11524128168821335,0.11524128168821335,0.11524128168821335,0.0,2,0,-0.00012241776857990772,-0.00012241776857990772,-0.00012241776857990772,0.0,2,0
2026-07-23,,,,,2,2,0.03802245110273361,0.03802245110273361,0.03802245110273361,0.0,2,0,0.11487038433551788,0.11487038433551788,0.11487038433551788,0.0,2,0,,,,,2,2
2026-07-24,,,,,2,2,0.03295748308300972,0.03295748308300972,0.03295748308300972,0.0,2,0,0.11694268137216568,0.11662929505109787,0.11725606769323349,0.00031338632106781006,2,0,,,,,2,2
2026-07-25,8.036463259486482e-05,8.036463259486482e-05,8.036463259486482e-05,0.0,2,0,0.027955343946814537,0.027955343946814537,0.027955343946814537,0.0,2,0,0.12057148665189743,0.12057148665189743,0.12057148665189743,0.0,2,0,7.819786696927622e-05,7.819786696927622e-05,7.819786696927622e-05,0.0,2,0
2026-07-26,5.538405093830079e-05,5.428777149063535e-05,5.6480330385966226e-05,1.096279447665438e-06,2,0,0.02704661153256893,0.02704661153256893,0.02704661153256893,0.0,2,0,0.12108442559838295,0.12070141732692719,0.12146743386983871,0.00038300827145576477,2,0,-1.5456986147910357e-05,-0.00011331020505167544,8.239623275585473e-05,9.785321890376508e-05,2,0
2026-07-27,,,,,2,2,,,,,2,2,0.11727212369441986,0.11727212369441986,0.11727212369441986,0.0,2,0,0.000425409700255841,0.000425409700255841,0.000425409700255841,0.0,2,0
2026-07-28,3.664313044282608e-05,3.664313044282608e-05,3.664313044282608e-05,0.0,2,0,,,,,2,2,0.11837881058454514,0.11837881058454514,0.11837881058454514,0.0,2,0,-0.00020964302530046552,-0.00020964302530046552,-0.00020964302530046552,0.0,2,0
2026-07-29,6.823559670010582e-05,6.823559670010582e-05,6.823559670010582e-05,0.0,2,0,0.035622745752334595,0.035622745752334595,0.035622745752334595,0.0,2,0,0.11988134682178497,0.11988134682178497,0.11988134682178497,0.0,2,0,9.04067637748085e-05,9.04067637748085e-05,9.04067637748085e-05,0.0,2,0
2026-07-30,3.963550625485368e-05,3.963550625485368e-05,3.963550625485368e-05,0.0,2,0,0.031244486570358276,0.031244486570358276,0.031244486570358276,0.0,2,0,0.12038376927375793,0.12038376927375793,0.12038376927375793,0.0,2,0,-0.0003770535404328257,-0.0003770535404328257,-0.0003770535404328257,0.0,2,0
2026-07-31,3.918720904039219e-05,3.918720904039219e-05,3.918720904039219e-05,0.0,2,0,,,,,2,2,0.12038728594779968,0.12038728594779968,0.12038728594779968,0.0,2,0,9.199156193062663e-05,9.199156193062663e-05,9.199156193062663e-05,0.0,2,0
2026-08-01,3.329275568830781e-05,2.8349324566079304e-05,3.823618681053631e-05,4.943431122228503e-06,2,0,0.030165458098053932,0.030165458098053932,0.030165458098053932,0.0,2,0,0.12042311951518059,0.1201729103922844,0.12067332863807678,0.00025020912289619446,2,0,-0.00010174483031732962,-0.00010580710659269243,-9.76825540419668e-05,4.0622762753628194e-06,2,0
2026-08-02,1.9945504391216673e-05,1.9945504391216673e-05,1.9945504391216673e-05,0.0,2,0,0.02854815311729908,0.02854815311729908,0.02854815311729908,0.0,2,0,0.11993405222892761,0.11993405222892761,0.11993405222892761,0.0,2,0,-0.00014298452879302204,-0.00014298452879302204,-0.00014298452879302204,0.0,2,0
2026-08-03,3.6396180803421885e-05,3.6396180803421885e-05,3.6396180803421885e-05,0.0,2,0,0.028995629400014877,0.028995629400014877,0.028995629400014877,0.0,2,0,0.11933215707540512,0.11933215707540512,0.11933215707540512,0.0,2,0,0.00042035040678456426,0.00042035040678456426,0.00042035040678456426,0.0,2,0
2026-08-04,5.608379433397204e-05,5.608379433397204e-05,5.608379433397204e-05,0.0,2,0,0.03133535385131836,0.03133535385131836,0.03133535385131836,0.0,2,0,0.1174488216638565,0.1174488216638565,0.1174488216638565,0.0,2,0,0.0002123061567544937,0.0002123061567544937,0.0002123061567544937,0.0,2,0
2026-08-05,3.378728069947101e-05,3.378728069947101e-05,3.378728069947101e-05,0.0,2,0,0.02434724196791649,0.02434724196791649,0.02434724196791649,0.0,2,0,0.11862684786319733,0.11862684786319733,0.11862684786319733,0.0,2,0,0.0007597074145451188,0.0007597074145451188,0.0007597074145451188,0.0,2,0
2026-08-06,4.2946136090904474e-05,4.2946136090904474e-05,4.2946136090904474e-05,0.0,2,0,0.02522341161966324,0.02522341161966324,0.02522341161966324,0.0,2,0,0.12276648730039597,0.12276648730039597,0.12276648730039597,0.0,2,0,8.030156459426507e-05,8.030156459426507e-05,8.030156459426507e-05,0.0,2,0
2026-08-07,5.1520499255275354e-05,5.1520499255275354e-05,5.1520499255275354e-05,0.0,2,0,0.02956984657794237,0.029297858476638794,0.02984183467924595,0.0002719881013035774,2,0,0.12001360952854156,0.12001360952854156,0.12001360952854156,0.0,2,0,-1.656351196288597e-05,-1.656351196288597e-05,-1.656351196288597e-05,0.0,2,0
2026-08-08,6.210885658219922e-05,6.068013681215234e-05,6.35375763522461e-05,1.4287197700468823e-06,2,0,,,,,2,2,0.12125391140580177,0.1210019513964653,0.12150587141513824,0.00025196000933647156,2,0,0.00015242699737427756,9.78973985183984e-05,0.00020695659623015672,5.452959885587916e-05,2,0
2026-08-09,4.029750562040135e-05,4.029750562040135e-05,4.029750562040135e-05,0.0,2,0,0.03103748708963394,0.03103748708963394,0.03103748708963394,0.0,2,0,0.12136953324079514,0.12136953324079514,0.12136953324079514,0.0,2,0,0.0009809361072257161,0.0009809361072257161,0.0009809361072257161,0.0,2,0
2026-08-10,,,,,2,2,0.036977510899305344,0.036977510899305344,0.036977510899305344,0.0,2,0,0.12266506999731064,0.12266506999731064,0.12266506999731064,0.0,2,0,,,,,2,2
2026-08-11,,,,,2,2,0.02500510774552822,0.02500510774552822,0.02500510774552822,0.0,2,0,0.12159863114356995,0.12159863114356995,0.12159863114356995,0.0,2,0,0.0005107512697577477,0.0005107512697577477,0.0005107512697577477,0.0,2,0
2026-08-12,4.663683284888975e-05,4.4715423427987844e-05,4.855824226979166e-05,1.9214094209019095e-06,2,0,0.030487393960356712,0.030487393960356712,0.030487393960356712,0.0,2,0,0.1198667585849762,0.11917543411254883,0.12055808305740356,0.0006913244724273682,2,0,-6.923293403815478e-05,-0.00022738325060345232,8.891738252714276e-05,0.00015815031656529754,2,0
2026-08-13,6.848109478596598e-05,6.848109478596598e-05,6.848109478596598e-05,0.0,2,0,0.03137397766113281,0.03137397766113281,0.03137397766113281,0.0,2,0,0.11703269928693771,0.11703269928693771,0.11703269928693771,0.0,2,0,-0.0005514979711733758,-0.0005514979711733758,-0.0005514979711733758,0.0,2,0
2026-08-14,6.915971607668325e-05,6.915971607668325e-05,6.915971607668325e-05,0.0,2,0,0.03951636701822281,0.03951636701822281,0.03951636701822281,0.0,2,0,0.11860473453998566,0.11860473453998566,0.11860473453998566,0.0,2,0,-0.0001023775985231623,-0.0001023775985231623,-0.0001023775985231623,0.0,2,0
2026-08-15,5.354342283681035e-05,4.573102341964841e-05,6.135582225397229e-05,7.812399417161942e-06,2,0,0.03398629650473595,0.03398629650473595,0.03398629650473595,0.0,2,0,0.11993380635976791,0.11974823474884033,0.1201193779706955,0.0001855716109275818,2,0,0.00011704132862178085,7.5065577220811974e-06,0.0002265760995214805,0.00010953477089969965,2,0
2026-08-16,2.820677218551282e-05,2.0615712855942547e-05,3.579783151508309e-05,7.591059329570271e-06,2,0,0.03149028122425079,0.03149028122425079,0.03149028122425079,0.0,2,0,0.11796027421951294,0.11769712716341019,0.11822342127561569,0.0002631470561027527,2,0,8.206842358049471e-05,-1.567715298733674e-05,0.00017981400014832616,9.774557656783145e-05,2,0
2026-08-17,2.5799157810979523e-05,2.5799157810979523e-05,2.5799157810979523e-05,0.0,2,0,0.03218952193856239,0.03218952193856239,0.03218952193856239,0.0,2,0,0.1208355575799942,0.1208355575799942,0.1208355575799942,0.0,2,0,0.00019743731536436826,0.00019743731536436826,0.00019743731536436826,0.0,2,0
2026-08-18,3.154382648062892e-05,3.154382648062892e-05,3.154382648062892e-05,0.0,2,0,0.030448894947767258,0.030448894947767258,0.030448894947767258,0.0,2,0,0.12107451260089874,0.12107451260089874,0.12107451260089874,0.0,2,0,0.00033759366488084197,0.00033759366488084197,0.00033759366488084197,0.0,2,0
2026-08-19,3.16554924211232e-05,3.07915142911952e-05,3.25194705510512e-05,8.639781299280003e-07,2,0,0.029420052655041218,0.028968654572963715,0.02987145073711872,0.0004513980820775032,2,0,0.12046302109956741,0.1201767697930336,0.12074927240610123,0.0002862513065338135,2,0,8.837910581860342e-05,4.652506504498888e-06,0.00017210570513270795,8.372659931410453e-05,2,0
2026-08-20,3.273136098869145e-05,3.273136098869145e-05,3.273136098869145e-05,0.0,2,0,0.02590937167406082,0.02590937167406082,0.02590937167406082,0.0,2,0,0.1204020231962204,0.1204020231962204,0.1204020231962204,0.0,2,0,0.0006231876905076206,0.0006231876905076206,0.0006231876905076206,0.0,2,0
2026-08-21,3.54505937139038e-05,3.54505937139038e-05,3.54505937139038e-05,0.0,2,0,0.02730308100581169,0.02730308100581169,0.02730308100581169,0.0,2,0,0.12241476774215698,0.12241476774215698,0.12241476774215698,0.0,2,0,-2.613269680296071e-05,-2.613269680296071e-05,-2.613269680296071e-05,0.0,2,0
2026-08-22,4.051762880408205e-05,4.051762880408205e-05,4.051762880408205e-05,0.0,2,0,0.028952352702617645,0.028952352702617645,0.028952352702617645,0.0,2,0,0.121665820479393,0.121665820479393,0.121665820479393,0.0,2,0,-3.688134529511444e-05,-3.688134529511444e-05,-3.688134529511444e-05,0.0,2,0
2026-08-23,4.42812561232131e-05,3.910544910468161e-05,4.9457063141744584e-05,5.175807018531486e-06,2,0,0.030537957325577736,0.030537957325577736,0.030537957325577736,0.0,2,0,0.11919387429952621,0.11916835606098175,0.11921939253807068,2.551823854446411e-05,2,0,-0.00011346930477884598,-0.00013546660193242133,-9.147200762527063e-05,2.1997297153575346e-05,2,0
2026-08-24,4.949531648890115e-05,4.949531648890115e-05,4.949531648890115e-05,0.0,2,0,0.02856510318815708,0.028025958687067032,0.02910424768924713,0.0005391445010900497,2,0,0.12097343057394028,0.12097343057394028,0.12097343057394028,0.0,2,0,0.0004716680268757045,0.0004716680268757045,0.0004716680268757045,0.0,2,0
2026-08-25,3.787060995819047e-05,3.787060995819047e-05,3.787060995819047e-05,0.0,2,0,0.03124063741415739,0.031237345188856125,0.031243929639458656,3.2922253012657166e-06,2,0,0.12196651101112366,0.12196651101112366,0.12196651101112366,0.0,2,0,0.0004967179847881198,0.0004967179847881198,0.0004967179847881198,0.0,2,0
2026-08-26,5.20381290698424e-05,5.20381290698424e-05,5.20381290698424e-05,0.0,2,0,0.02657998912036419,0.02657998912036419,0.02657998912036419,0.0,2,0,0.11988255381584167,0.11988255381584167,0.11988255381584167,0.0,2,0,5.235334538156167e-05,5.235334538156167e-05,5.235334538156167e-05,0.0,2,0
2026-08-27,9.658795170253143e-05,9.658795170253143e-05,9.658795170253143e-05,0.0,2,0,0.03224147390574217,0.02934267930686474,0.0351402685046196,0.00289879459887743,2,0,0.11740941554307938,0.11740941554307938,0.11740941554307938,0.0,2,0,0.00013806478818878531,0.00013806478818878531,0.00013806478818878531,0.0,2,0
2026-08-28,6.617767212446779e-05,6.617767212446779e-05,6.617767212446779e-05,0.0,2,0,0.0375107116997242,0.0375107116997242,0.0375107116997242,0.0,2,0,0.11823883652687073,0.11823883652687073,0.11823883652687073,0.0,2,0,0.0007651528576388955,0.0007651528576388955,0.0007651528576388955,0.0,2,0
2026-08-29,3.945503704017028e-05,3.945503704017028e-05,3.945503704017028e-05,0.0,2,0,0.03556883707642555,0.03556883707642555,0.03556883707642555,0.0,2,0,0.11578463762998581,0.11578463762998581,0.11578463762998581,0.0,2,0,-9.748076263349503e-05,-9.748076263349503e-05,-9.748076263349503e-05,0.0,2,0
2026-08-30,3.785889930441044e-05,3.785889930441044e-05,3.785889930441044e-05,0.0,2,0,0.03184656426310539,0.03184656426310539,0.03184656426310539,0.0,2,0,0.11482181400060654,0.11482181400060654,0.11482181400060654,0.0,2,0,7.64992437325418e-05,7.64992437325418e-05,7.64992437325418e-05,0.0,2,0
