date,NO2
2025-08-31,2.866427943705016e-05
2025-09-01,2.8728398033958268e-05
2025-09-02,2.081346793992064e-05
2025-09-03,3.222645152293678e-05
2025-09-04,4.114115654374472e-05
2025-09-05,7.90525518823415e-05
2025-09-06,7.694596377182373e-05
2025-09-07,7.483937566130596e-05
2025-09-08,8.417764354594603e-05
2025-09-09,9.351591143058612e-05
2025-09-10,4.814927888219245e-05
2025-09-11,4.324726775978757e-05
2025-09-12,4.934751824683709e-05
2025-09-13,4.109948781011293e-05
2025-09-14,3.794880623380387e-05
2025-09-15,8.373125560215808e-05
2025-09-16,7.191525633386066e-05
2025-09-17,6.009925706556325e-05
2025-09-18,4.828325779726583e-05
2025-09-19,3.074547179561773e-05
2025-09-20,3.509117021157561e-05
2025-09-21,3.943686862753349e-05
2025-09-22,5.526685921982529e-05
2025-09-23,5.266891705451555e-05
2025-09-24,5.0070974889205814e-05
2025-09-25,4.747303272389607e-05
2025-09-26,4.755719855893402e-05
2025-09-27,3.873212824276249e-05
2025-09-28,1.935092533520739e-05
2025-09-29,4.460832174767607e-05
2025-09-30,5.776359962293923e-05
2025-10-01,7.091887749820238e-05
2025-10-02,8.407415537346554e-05
2025-10-03,9.256782504962756e-05
2025-10-04,6.992242758445042e-05
2025-10-05,3.899561733078371e-05
2025-10-06,5.462282991045087e-05
2025-10-07,8.409753811845024e-05
2025-10-08,8.654809940448363e-05
2025-10-09,8.899866069051702e-05
2025-10-10,8.810824021400718e-05
2025-10-11,4.267667448705956e-05
2025-10-12,2.1769251231619687e-05
2025-10-13,2.918652997842791e-05
2025-10-14,6.007473327502208e-05
2025-10-15,9.130968828685582e-05
2025-10-16,4.981211480169023e-05
2025-10-17,3.625409756620814e-05
2025-10-18,2.802420895619196e-05
2025-10-19,3.0451031658983744e-05
2025-10-20,3.287785436177553e-05
2025-10-21,3.5304677064567314e-05
2025-10-22,3.717329615441113e-05
2025-10-23,3.904191524425495e-05
2025-10-24,4.091053433409878e-05
2025-10-25,4.2779153423942596e-05
2025-10-26,4.4647772513786414e-05
2025-10-27,4.651639160363023e-05
2025-10-28,4.838501069347405e-05
2025-10-29,5.025362978331787e-05
2025-10-30,5.212224887316169e-05
2025-10-31,5.3990867963005515e-05
2025-11-01,5.5859487052849334e-05
2025-11-02,5.772810614269315e-05
2025-11-03,5.959672523253698e-05
2025-11-04,6.14653443223808e-05
2025-11-05,6.333396341222462e-05
2025-11-06,6.520258250206843e-05
2025-11-07,6.707120159191225e-05
2025-11-08,6.54877009836285e-05
2025-11-09,6.390420037534477e-05
2025-11-10,6.232069976706101e-05
2025-11-11,6.0737199158777264e-05
2025-11-12,5.915369855049352e-05
2025-11-13,5.7570197942209776e-05
2025-11-14,5.5986697333926025e-05
2025-11-15,5.4403196725642274e-05
2025-11-16,5.281969611735853e-05
2025-11-17,5.1236195509074786e-05
2025-11-18,4.9652694900791035e-05
2025-11-19,4.806919429250729e-05
2025-11-20,4.648569368422355e-05
2025-11-21,4.4902193075939796e-05
2025-11-22,4.3318692467656046e-05
2025-11-23,4.17351918593723e-05
2025-11-24,3.362460062673658e-05
2025-11-25,2.5514009394100867e-05
2025-11-26,2.9405069350711226e-05
2025-11-27,3.3296129307321585e-05
2025-11-28,3.718718926393194e-05
2025-11-29,4.1078249220542304e-05
2025-11-30,4.496930917715266e-05
2025-12-01,4.8860369133763015e-05
2025-12-02,4.094051539802669e-05
2025-12-03,5.1696875387136166e-05
2025-12-04,7.045511572446243e-05
2025-12-05,8.921335606178868e-05
2025-12-06,6.999954818768727e-05
2025-12-07,5.078574031358585e-05
2025-12-08,4.50083957730385e-05
2025-12-09,3.9231051232491154e-05
2025-12-10,3.345370669194381e-05
2025-12-11,2.767636215139646e-05
2025-12-12,3.0046785338657048e-05
2025-12-13,2.846266756816289e-05
2025-12-14,2.9741573575264713e-05
2025-12-15,3.1020479582366534e-05
2025-12-16,3.0217849410161893e-05
2025-12-17,2.941521923795725e-05
2025-12-18,2.919411803944328e-05
2025-12-19,2.8973016840929308e-05
2025-12-20,2.875191564241534e-05
2025-12-21,2.8530814443901368e-05
2025-12-22,2.8309713245387396e-05
2025-12-23,3.0023239131243724e-05
2025-12-24,2.6978691539502716e-05
2025-12-25,2.393414394776171e-05
2025-12-26,3.5327038865164324e-05
2025-12-27,4.671993378256695e-05
2025-12-28,5.811282869996956e-05
2025-12-29,6.950572361737218e-05
2025-12-30,5.866013505330732e-05
2025-12-31,4.781454648924247e-05
2026-01-01,3.696895792517762e-05
2026-01-02,2.6123369361112764e-05
2026-01-03,2.593884219095344e-05
2026-01-04,3.460539791495134e-05
2026-01-05,3.340149544998635e-05
2026-01-06,3.219759298502136e-05
2026-01-07,3.099369052005636e-05
2026-01-08,2.9789788055091373e-05
2026-01-09,2.446189273541676e-05
2026-01-10,2.4038208393524953e-05
2026-01-11,2.3614524051633144e-05
2026-01-12,2.3190839709741332e-05
2026-01-13,2.2767155367849524e-05
2026-01-14,2.2343471025957715e-05
2026-01-15,2.1919786684065907e-05
2026-01-16,2.1496102342174095e-05
2026-01-17,2.1072418000282287e-05
2026-01-18,2.0648733658390478e-05
2026-01-19,2.022504931649867e-05
2026-01-20,1.263748415820171e-05
2026-01-21,1.6099064148213735e-05
2026-01-22,1.956064413822576e-05
2026-01-23,2.3022224128237783e-05
2026-01-24,2.648380411824981e-05
2026-01-25,2.9101406985277112e-05
2026-01-26,3.171900985230441e-05
2026-01-27,3.433661271933171e-05
2026-01-28,3.695421558635901e-05
2026-01-29,3.957181845338631e-05
2026-01-30,2.3644069404413348e-05
2026-01-31,3.9521121860681366e-05
2026-02-01,3.636033626597574e-05
2026-02-02,3.319955067127012e-05
2026-02-03,2.0557249042342717e-05
2026-02-04,2.233265024967425e-05
2026-02-05,2.4428263377626712e-05
2026-02-06,2.652387650557917e-05
2026-02-07,2.4801194472514147e-05
2026-02-08,2.3078512439449125e-05
2026-02-09,2.1355830406384106e-05
2026-02-10,1.9633148373319083e-05
2026-02-11,1.791046634025406e-05
2026-02-12,1.7600239638474104e-05
2026-02-13,1.7290012936694148e-05
2026-02-14,1.697978623491419e-05
2026-02-15,1.6669559533134234e-05
2026-02-16,4.245514792273752e-05
2026-02-17,4.095092250409517e-05
2026-02-18,3.9446697085452825e-05
2026-02-19,3.794247166681048e-05
2026-02-20,3.6438246248168136e-05
2026-02-21,3.493402082952579e-05
2026-02-22,3.342979541088344e-05
2026-02-23,3.192556999224109e-05
2026-02-24,3.0421344573598745e-05
2026-02-25,2.89171191549564e-05
2026-02-26,2.7412893736314053e-05
2026-02-27,2.5908668317671705e-05
2026-02-28,4.210250434274106e-05
2026-03-01,4.0427673441707365e-05
2026-03-02,3.8752842540673674e-05
2026-03-03,3.707801163963999e-05
2026-03-04,3.54031807386063e-05
2026-03-05,3.182409009942662e-05
2026-03-06,2.8244999460246948e-05
2026-03-07,2.4665908821067277e-05
2026-03-08,2.10868181818876e-05
2026-03-09,1.7066490081082235e-05
2026-03-10,3.63357335118053e-05
2026-03-11,2.8700021818752124e-05
2026-03-12,2.1064310125698946e-05
2026-03-13,2.5595347636096574e-05
2026-03-14,3.0681340727564286e-05
2026-03-15,2.3786534422304776e-05
2026-03-16,3.721184444397555e-05
2026-03-17,3.54306724667757e-05
2026-03-18,3.364950048957585e-05
2026-03-19,3.186832851237601e-05
2026-03-20,3.008715653517616e-05
2026-03-21,2.8305984557976313e-05
2026-03-22,2.652481258077647e-05
2026-03-23,2.474364060357662e-05
2026-03-24,2.6951259568314915e-05
2026-03-25,2.915887853305321e-05
2026-03-26,4.635652876459062e-05
2026-03-27,5.5372938212323245e-05
2026-03-28,6.927115401984856e-05
2026-03-29,8.316936982737389e-05
2026-03-30,6.810468433589753e-05
2026-03-31,5.303999884442116e-05
2026-04-01,3.79753133529448e-05
2026-04-02,7.908488717345921e-05
2026-04-03,3.594410482037347e-05
2026-04-04,3.669824166406344e-05
2026-04-05,3.745237850775342e-05
2026-04-06,5.647920722237489e-05
2026-04-07,7.550603593699636e-05
2026-04-08,3.721840073681824e-05
2026-04-09,3.5947472044323877e-05
2026-04-10,3.467654335182951e-05
2026-04-11,3.340561465933515e-05
2026-04-12,3.2134685966840785e-05
2026-04-13,3.086375727434642e-05
2026-04-14,3.1312988150083204e-05
2026-04-15,4.474590038755975e-05
2026-04-16,4.1452067411488056e-05
2026-04-17,4.496287136654636e-05
2026-04-18,4.9713185892739735e-05
2026-04-19,5.446350041893311e-05
2026-04-20,7.821324314656002e-05
2026-04-21,7.633750364664475e-05
2026-04-22,7.446176414672947e-05
2026-04-23,7.25860246468142e-05
2026-04-24,9.7659467428457e-05
2026-04-25,4.2306747231383016e-05
2026-04-26,5.881913441246272e-05
2026-04-27,5.5579212716515434e-05
2026-04-28,5.2339291020568146e-05
2026-04-29,4.9099369324620865e-05
2026-04-30,4.585944762867358e-05
2026-05-01,4.261952593272629e-05
2026-05-02,4.131843843424576e-05
2026-05-03,4.001735093576523e-05
2026-05-04,5.998636697768234e-05
2026-05-05,3.575416660169139e-05
2026-05-06,5.312934663379566e-05
2026-05-07,6.33796002927868e-05
2026-05-08,4.070620140867374e-05
2026-05-09,3.849125157574959e-05
2026-05-10,3.627630174282545e-05
2026-05-11,4.666871401631007e-05
2026-05-12,7.490409906105404e-05
2026-05-13,6.127558216186506e-05
2026-05-14,5.701518350209788e-05
2026-05-15,4.4155839605771436e-05
2026-05-16,3.1296495709445e-05
2026-05-17,4.8824732064032094e-05
2026-05-18,6.635296841861919e-05
2026-05-19,8.388120477320626e-05
2026-05-20,5.704738578060642e-05
2026-05-21,3.673437768156872e-05
2026-05-22,3.78825668681134e-05
2026-05-23,3.903075605465808e-05
2026-05-24,4.0178945241202754e-05
2026-05-25,4.132713442774743e-05
2026-05-26,4.2475323614292104e-05
2026-05-27,4.3623512800836786e-05
2026-05-28,4.477170198738146e-05
2026-05-29,4.5919891173926136e-05
2026-05-30,4.706808036047082e-05
2026-05-31,4.821626954701549e-05
2026-06-01,6.416337969962377e-05
2026-06-02,0.0001034645186986
2026-06-03,8.378999149756228e-05
2026-06-04,6.411546429652456e-05
2026-06-05,4.638373014001577e-05
2026-06-06,2.949678920621018e-05
2026-06-07,4.261827120249759e-05
2026-06-08,6.636697601477084e-05
2026-06-09,7.889431071816942e-05
2026-06-10,7.171603896754931e-05
2026-06-11,7.225030640256594e-05
2026-06-12,6.864728811706303e-05
2026-06-13,6.504426983156011e-05
2026-06-14,3.94169942280444e-05
2026-06-15,7.098825860469203e-05
2026-06-16,5.727394210615395e-05
2026-06-17,5.877021851899501e-05
2026-06-18,7.060534169016009e-05
2026-06-19,7.245337463765672e-05
2026-06-20,4.104014192957299e-05
2026-06-21,3.1988182048995175e-05
2026-06-22,2.890297452852662e-05
2026-06-23,3.753131981544096e-05
2026-06-24,4.61596651023553e-05
2026-06-25,5.222082909313029e-05
2026-06-26,3.918877713918587e-05
2026-06-27,5.017043591318984e-05
2026-06-28,7.305395317546624e-05
2026-06-29,8.531598297330286e-05
2026-06-30,9.655407952128112e-05
2026-07-01,9.844645745553344e-05
2026-07-02,7.697787940352491e-05
2026-07-03,6.142312158772257e-05
2026-07-04,3.920026468092278e-05
2026-07-05,3.307775410316286e-05
2026-07-06,4.916206385782321e-05
2026-07-07,5.83433929932653e-05
2026-07-08,6.775056593011998e-05
2026-07-09,7.181536566349679e-05
2026-07-10,5.83788659111763e-05
2026-07-11,5.703632583130717e-05
2026-07-12,5.5693785751438026e-05
2026-07-13,4.962938292010223e-05
2026-07-14,5.041363529016962e-05
2026-07-15,4.223233393401774e-05
2026-07-16,4.7364428818192593e-05
2026-07-17,5.956799816755976e-05
2026-07-18,5.306948088608416e-05
2026-07-19,6.319203970544951e-05
2026-07-20,6.048768066518407e-05
2026-07-21,8.200953258589529e-05
2026-07-22,6.920474026208889e-05
2026-07-23,8.009417069843039e-05
2026-07-24,7.759973377687856e-05
2026-07-25,6.438930530358838e-05
2026-07-26,4.497151673734024e-05
2026-07-27,4.251605113105533e-05
2026-07-28,4.006058552477042e-05
2026-07-29,6.294762454861072e-05
2026-07-30,4.8633728926818414e-05
2026-07-31,3.873389611856381e-05
2026-08-01,3.400934682369033e-05
2026-08-02,1.94454329045714e-05
2026-08-03,3.1981032485158976e-05
2026-08-04,4.649995602708908e-05
2026-08-05,3.4680059980019e-05
2026-08-06,4.628683745977471e-05
2026-08-07,4.81161042054217e-05
2026-08-08,6.186539249029012e-05
2026-08-09,3.861725823039054e-05
2026-08-10,6.452974023756853e-05
2026-08-11,9.044222224474652e-05
2026-08-12,4.749655423178672e-05
2026-08-13,7.396415499637699e-05
2026-08-14,6.961891018103674e-05
2026-08-15,5.075731496617663e-05
2026-08-16,3.676483814030819e-05
2026-08-17,2.234732278988564e-05
2026-08-18,3.261051060690078e-05
2026-08-19,3.112538316989751e-05
2026-08-20,3.608686061592638e-05
2026-08-21,3.953866700092996e-05
2026-08-22,3.9034376251428125e-05
2026-08-23,4.243038097878784e-05
2026-08-24,5.0774288268127886e-05
2026-08-25,4.313268296495412e-05
2026-08-26,4.533434034133928e-05
2026-08-27,8.621640278891262e-05
2026-08-28,6.312772992324813e-05
2026-08-29,4.1500113833795416e-05
2026-08-30,3.373350804655013e-05
2026-08-31,5.033764729367769e-05
