date,CO
2025-08-31,0.0262930532651288
2025-09-01,0.0244960495137742
2025-09-02,0.0252726353508861
2025-09-03,0.0237824628395693
2025-09-04,0.02891849540174
2025-09-05,0.0335034074527876
2025-09-06,0.0289106538519263
2025-09-07,0.028960095279109734
2025-09-08,0.029009536706293165
2025-09-09,0.0290589781334766
2025-09-10,0.025697588893984
2025-09-11,0.0279226830628301
2025-09-12,0.0301477772316762
2025-09-13,0.0268487632274627
2025-09-14,0.0257838019835097
2025-09-15,0.03111714449312
2025-09-16,0.0262171473354101
2025-09-17,0.036191370438885
2025-09-18,0.0277475714683532
2025-09-19,0.027799564459529
2025-09-20,0.0238228277613719
2025-09-21,0.0288317556093846
2025-09-22,0.0303308115207723
2025-09-23,0.0367012741310256
2025-09-24,0.0322351527999022
2025-09-25,0.0277690314687788
2025-09-26,0.0317136412486433
2025-09-27,0.0329390117100306
2025-09-28,0.0303161416202783
2025-09-29,0.0274055151002747
2025-09-30,0.0282907178410056
2025-10-01,0.0291759205817365
2025-10-02,0.0300611233224674
2025-10-03,0.032081747214709
2025-10-04,0.0337220329259123
2025-10-05,0.0345709389376063
2025-10-06,0.0335913164807217
2025-10-07,0.03332797131368088
2025-10-08,0.03306462614664006
2025-10-09,0.03280128097959924
2025-10-10,0.03253793581255842
2025-10-11,0.0322745906455176
2025-10-12,0.0244792842616637
2025-10-13,0.0258015045452685
2025-10-14,0.0271237248288733
2025-10-15,0.029780305494539
2025-10-16,0.030724278340737
2025-10-17,0.0305395856499671
2025-10-18,0.0327862158417701
2025-10-19,0.0350328460335731
2025-10-20,0.033985312261125555
2025-10-21,0.032937778488678
2025-10-22,0.0324289345362481
2025-10-23,0.0319200905838182
2025-10-24,0.033997012435325505
2025-10-25,0.0360739342868328
2025-10-26,0.035618414209698725
2025-10-27,0.03516289413256464
2025-10-28,0.03470737405543056
2025-10-29,0.03425185397829648
2025-10-30,0.0337963339011624
2025-10-31,0.0331605018244559
2025-11-01,0.032524669747749396
2025-11-02,0.0318888376710429
2025-11-03,0.0312530055943364
2025-11-04,0.0306171735176299
2025-11-05,0.0299813414409234
2025-11-06,0.0293455093642169
2025-11-07,0.0287096772875104
2025-11-08,0.028111512440123675
2025-11-09,0.02751334759273695
2025-11-10,0.026915182745350225
2025-11-11,0.0263170178979635
2025-11-12,0.0272415967924254
2025-11-13,0.0281661756868873
2025-11-14,0.0290907545813492
2025-11-15,0.0300153334758111
2025-11-16,0.030939912370273
2025-11-17,0.031864491264734895
2025-11-18,0.0327890701591968
2025-11-19,0.030826624158931764
2025-11-20,0.02886417815866673
2025-11-21,0.0269017321584017
2025-11-22,0.0285790996567811
2025-11-23,0.0278687537461519
2025-11-24,0.029114836504948952
2025-11-25,0.030360919263746
2025-11-26,0.0263485524381669
2025-11-27,0.02668947343948295
2025-11-28,0.027030394440799
2025-11-29,0.0290517173707485
2025-11-30,0.0281787195967303
2025-12-01,0.0273057218227121
2025-12-02,0.0264327240486939
2025-12-03,0.0232571048395974
2025-12-04,0.025562398694455597
2025-12-05,0.0278676925493138
2025-12-06,0.029332344899220097
2025-12-07,0.0307969972491264
2025-12-08,0.030005395412445
2025-12-09,0.030294894320624148
2025-12-10,0.0305843932288033
2025-12-11,0.0308091040151041
2025-12-12,0.0285728019529155
2025-12-13,0.0307904335319018
2025-12-14,0.026339556556195
2025-12-15,0.0274782179455672
2025-12-16,0.027579326076166952
2025-12-17,0.0276804342067667
2025-12-18,0.026684600181345376
2025-12-19,0.025688766155924053
2025-12-20,0.024692932130502727
2025-12-21,0.0236970981050814
2025-12-22,0.0258975486404129
2025-12-23,0.0284875282288893
2025-12-24,0.026841813861537
2025-12-25,0.0251960994941847
2025-12-26,0.026114406975518326
2025-12-27,0.02703271445685195
2025-12-28,0.027951021938185574
2025-12-29,0.0288693294195192
2025-12-30,0.028569197548287233
2025-12-31,0.028269065677055265
2026-01-01,0.0279689338058233
2026-01-02,0.02907468610044035
2026-01-03,0.0301804383950574
2026-01-04,0.029445895498953982
2026-01-05,0.02871135260285056
2026-01-06,0.027976809706747142
2026-01-07,0.02724226681064372
2026-01-08,0.0265077239145403
2026-01-09,0.0288173827127768
2026-01-10,0.027843079799269678
2026-01-11,0.026868776885762558
2026-01-12,0.02589447397225544
2026-01-13,0.02492017105874832
2026-01-14,0.0239458681452412
2026-01-15,0.02521744658124696
2026-01-16,0.02648902501725272
2026-01-17,0.02776060345325848
2026-01-18,0.02903218188926424
2026-01-19,0.03030376032527
2026-01-20,0.0276743602007627
2026-01-21,0.0242912487526025
2026-01-22,0.025703115300053633
2026-01-23,0.027114981847504764
2026-01-24,0.0285268483949559
2026-01-25,0.0293281088866617
2026-01-26,0.0246713143602317
2026-01-27,0.0280947890132665
2026-01-28,0.02811527260089825
2026-01-29,0.02813575618853
2026-01-30,0.0330942000661577
2026-01-31,0.0300362184377653
2026-02-01,0.0289169757493904
2026-02-02,0.0315249765461141
2026-02-03,0.0310301914012857
2026-02-04,0.0258858194574713
2026-02-05,0.028631199643548
2026-02-06,0.0313765798296247
2026-02-07,0.028804625109547632
2026-02-08,0.026232670389470567
2026-02-09,0.0236607156693935
2026-02-10,0.026246507851673
2026-02-11,0.0288323000339525
2026-02-12,0.027806829306341332
2026-02-13,0.026781358578730166
2026-02-14,0.025755887851119
2026-02-15,0.0293130007468991
2026-02-16,0.0246159530837427
2026-02-17,0.0296358115812565
2026-02-18,0.02908356951499676
2026-02-19,0.02853132744873702
2026-02-20,0.02797908538247728
2026-02-21,0.027426843316217538
2026-02-22,0.0268746012499578
2026-02-23,0.02632235918369806
2026-02-24,0.025770117117438318
2026-02-25,0.02521787505117858
2026-02-26,0.024665632984918837
2026-02-27,0.0241133909186591
2026-02-28,0.0250282694423009
2026-03-01,0.025901013774059935
2026-03-02,0.026773758105818966
2026-03-03,0.027646502437578
2026-03-04,0.0284781918994018
2026-03-05,0.0251286406602178
2026-03-06,0.024377778851027952
2026-03-07,0.0236269170418381
2026-03-08,0.0318918460980057
2026-03-09,0.0365458773715155
2026-03-10,0.0331718689096825
2026-03-11,0.0303492117007928
2026-03-12,0.0275265544919031
2026-03-13,0.0291294130097542
2026-03-14,0.0312559219343321
2026-03-15,0.032538850020085
2026-03-16,0.0281463997704642
2026-03-17,0.0270589843392372
2026-03-18,0.0248713359236717
2026-03-19,0.0226836875081062
2026-03-20,0.023954904465270852
2026-03-21,0.0252261214224355
2026-03-22,0.026497338379600152
2026-03-23,0.0277685553367648
2026-03-24,0.02868873317178985
2026-03-25,0.0296089110068149
2026-03-26,0.0293692001806838
2026-03-27,0.0287329480051994
2026-03-28,0.02930117329316475
2026-03-29,0.0298693985811301
2026-03-30,0.0299690649460993
2026-03-31,0.030068731311068502
2026-04-01,0.0301683976760377
2026-04-02,0.026773717540961
2026-04-03,0.0260699174499937
2026-04-04,0.0262416785804643
2026-04-05,0.0264134397109349
2026-04-06,0.0303896758705377
2026-04-07,0.02955844347764335
2026-04-08,0.028727211084749
2026-04-09,0.0327821224927902
2026-04-10,0.030953344200616267
2026-04-11,0.029124565908442333
2026-04-12,0.0272957876162684
2026-04-13,0.0270968673750758
2026-04-14,0.0256286922043987
2026-04-15,0.0255783723401171
2026-04-16,0.0267960560375026
2026-04-17,0.0288077456078359
2026-04-18,0.0301276504461254
2026-04-19,0.0297834656430759
2026-04-20,0.0295897060739142
2026-04-21,0.0315665890920465
2026-04-22,0.03086206919939835
2026-04-23,0.0301575493067502
2026-04-24,0.0322485445388432
2026-04-25,0.0273426866957119
2026-04-26,0.0269179897915039
2026-04-27,0.02647472679615014
2026-04-28,0.02603146380079638
2026-04-29,0.02558820080544262
2026-04-30,0.02514493781008886
2026-05-01,0.0247016748147351
2026-05-02,0.0248647370097929
2026-05-03,0.0255766133112566
2026-05-04,0.02601831575323425
2026-05-05,0.0264600181952119
2026-05-06,0.0274310778826475
2026-05-07,0.0258739225838969
2026-05-08,0.0305426350794732
2026-05-09,0.0308714626689574
2026-05-10,0.0312002902584416
2026-05-11,0.0262173900114638
2026-05-12,0.0257345106452703
2026-05-13,0.0276660043746233
2026-05-14,0.0226518392030681
2026-05-15,0.0301261444443038
2026-05-16,0.0286628858053258
2026-05-17,0.029093019662141603
2026-05-18,0.0295231535189574
2026-05-19,0.0287505733115332
2026-05-20,0.0307662809888521
2026-05-21,0.0280373662444097
2026-05-22,0.0282032833519307
2026-05-23,0.0330876277759671
2026-05-24,0.0364837327705962
2026-05-25,0.032438900933734
2026-05-26,0.0337770361453294
2026-05-27,0.0303192100620695
2026-05-28,0.0286670347143496
2026-05-29,0.0323927315750292
2026-05-30,0.0310891212895512
2026-05-31,0.0297855110040732
2026-06-01,0.0276660080466951
2026-06-02,0.0351274501627836
2026-06-03,0.0262180613195997
2026-06-04,0.0293649600552661
2026-06-05,0.0290350991168192
2026-06-06,0.0227062092827899
2026-06-07,0.0276075119418757
2026-06-08,0.0287162018407668
2026-06-09,0.0325835170490401
2026-06-10,0.0342323449573346
2026-06-11,0.0302297511408405
2026-06-12,0.02733816878500505
2026-06-13,0.0244465864291696
2026-06-14,0.0298605300486087
2026-06-15,0.0266881341646824
2026-06-16,0.028519011501755
2026-06-17,0.0270631434129817
2026-06-18,0.0339514426887035
2026-06-19,0.0304650905142937
2026-06-20,0.030115699235882
2026-06-21,0.0306287761777639
2026-06-22,0.0247035815247467
2026-06-23,0.0299736517348459
2026-06-24,0.0263441296028239
2026-06-25,0.0315560173243284
2026-06-26,0.0279438911626736
2026-06-27,0.0299646463777337
2026-06-28,0.0324068134384495
2026-06-29,0.0207940568445158
2026-06-30,0.0308452397584915
2026-07-01,0.0321824633117232
2026-07-02,0.0303820983760736
2026-07-03,0.0279473227581807
2026-07-04,0.0259767034091055
2026-07-05,0.0276703326141133
2026-07-06,0.0307426519159759
2026-07-07,0.0331070685493094
2026-07-08,0.0304623166365282
2026-07-09,0.0298731951841286
2026-07-10,0.029371688169028
2026-07-11,0.0304742501193891
2026-07-12,0.0315768120697502
2026-07-13,0.0319962518555777
2026-07-14,0.0265454801331673
2026-07-15,0.0215410073551366
2026-07-16,0.0244729277278695
2026-07-17,0.0288995300818767
2026-07-18,0.0311676583651985
2026-07-19,0.0312540260010531
2026-07-20,0.0325821701575208
2026-07-21,0.0326350338490946
2026-07-22,0.0365011054490293
2026-07-23,0.03513123512800245
2026-07-24,0.0337613648069756
2026-07-25,0.0279445920937827
2026-07-26,0.027413220969694
2026-07-27,0.030277615554985534
2026-07-28,0.03314201014027707
2026-07-29,0.0360064047255686
2026-07-30,0.0323122226233993
2026-07-31,0.0306919004457692
2026-08-01,0.0303126551743064
2026-08-02,0.0282807998891387
2026-08-03,0.0283768776272024
2026-08-04,0.0305652660982949
2026-08-05,0.0257692113788663
2026-08-06,0.0254122933203523
2026-08-07,0.0295931598437683
2026-08-08,0.0295651504503829
2026-08-09,0.0300705795841557
2026-08-10,0.0354265398478933
2026-08-11,0.0302878853731921
2026-08-12,0.0298487202574809
2026-08-13,0.0313453210783856
2026-08-14,0.03251871402774535
2026-08-15,0.0336921069771051
2026-08-16,0.0321679404279326
2026-08-17,0.0319634145842148
2026-08-18,0.0304132820772273
2026-08-19,0.0294458468311599
2026-08-20,0.0259681509633083
2026-08-21,0.0262283810267322
2026-08-22,0.0289250115198748
2026-08-23,0.0313685775335345
2026-08-24,0.0305135990069671
2026-08-25,0.0312772117555141
2026-08-26,0.0280728385916778
2026-08-27,0.0326504901051521
2026-08-28,0.0340085151738354
2026-08-29,0.0353665402425187
2026-08-30,0.0335274954991681
2026-08-31,0.0332245069581109
