date,CO
2025-08-31,0.026293053265128822
2025-09-01,0.024496049513774255
2025-09-02,0.025272635350886145
2025-09-03,0.02378246283956936
2025-09-04,0.028918495401740074
2025-09-05,0.033503407452787674
2025-09-06,0.028910653851926326
2025-09-07,NaN
2025-09-08,NaN
2025-09-09,0.029058978133476694
2025-09-10,0.025697588893984036
2025-09-11,NaN
2025-09-12,0.030147777231676234
2025-09-13,0.02684876322746277
2025-09-14,0.025783801983509744
2025-09-15,0.031117144493120055
2025-09-16,0.026217147335410123
2025-09-17,0.03619137043888505
2025-09-18,0.02774757146835327
2025-09-19,0.02779956445952908
2025-09-20,0.023822827761371925
2025-09-21,0.02883175560938461
2025-09-22,0.030330811520772317
2025-09-23,0.0367012741310256
2025-09-24,0.04176332253430571
2025-09-25,0.027769031468778845
2025-09-26,0.031713641248643384
2025-09-27,0.03293901171003067
2025-09-28,0.030316141620278358
2025-09-29,0.027405515100274763
2025-09-30,NaN
2025-10-01,NaN
2025-10-02,0.030061123322467413
2025-10-03,0.03208174721470901
2025-10-04,0.03372203292591233
2025-10-05,0.03457093893760634
2025-10-06,0.03359131648072175
2025-10-07,0.043049272149801254
2025-10-08,NaN
2025-10-09,0.03861494080296583
2025-10-10,0.03897641641753061
2025-10-11,0.032274590645517624
2025-10-12,0.024479284261663754
2025-10-13,NaN
2025-10-14,0.02712372482887336
2025-10-15,0.02978030549453907
2025-10-16,0.03072427834073702
2025-10-17,0.03053958564996719
2025-10-18,NaN
2025-10-19,0.03503284603357315
2025-10-20,NaN
2025-10-21,0.03293777848867809
2025-10-22,NaN
2025-10-23,0.03192009058381827
2025-10-24,NaN
2025-10-25,0.03607393428683281
2025-10-26,NaN
2025-10-27,NaN
2025-10-28,NaN
2025-10-29,NaN
2025-10-30,0.03379633390116241
2025-10-31,NaN
2025-11-01,NaN
2025-11-02,NaN
2025-11-03,NaN
2025-11-04,NaN
2025-11-05,NaN
2025-11-06,NaN
2025-11-07,0.02870967728751046
2025-11-08,NaN
2025-11-09,NaN
2025-11-10,NaN
2025-11-11,0.026317017897963525
2025-11-12,NaN
2025-11-13,NaN
2025-11-14,NaN
2025-11-15,NaN
2025-11-16,NaN
2025-11-17,NaN
2025-11-18,0.032789070159196854
2025-11-19,NaN
2025-11-20,NaN
2025-11-21,0.02690173215840174
2025-11-22,0.02857909965678118
2025-11-23,0.027868753746151925
2025-11-24,NaN
2025-11-25,0.030360919263746056
2025-11-26,0.026348552438166913
2025-11-27,NaN
2025-11-28,0.02703039444079905
2025-11-29,0.02905171737074852
2025-11-30,NaN
2025-12-01,NaN
2025-12-02,0.02643272404869396
2025-12-03,0.023257104839597427
2025-12-04,NaN
2025-12-05,0.027867692549313816
2025-12-06,NaN
2025-12-07,0.030796997249126434
2025-12-08,0.03000539541244507
2025-12-09,NaN
2025-12-10,0.03058439322880336
2025-12-11,0.03080910401510411
2025-12-12,0.028572801952915537
2025-12-13,0.030790433531901876
2025-12-14,0.02633955655619502
2025-12-15,0.0274782179455672
2025-12-16,NaN
2025-12-17,0.027680434206766743
2025-12-18,NaN
2025-12-19,NaN
2025-12-20,NaN
2025-12-21,0.023697098105081495
2025-12-22,0.025897548640412944
2025-12-23,0.028487528228889343
2025-12-24,NaN
2025-12-25,0.025196099494184766
2025-12-26,NaN
2025-12-27,NaN
2025-12-28,NaN
2025-12-29,0.02886932941951922
2025-12-30,NaN
2025-12-31,NaN
2026-01-01,0.027968933805823326
2026-01-02,NaN
2026-01-03,0.03018043839505741
2026-01-04,NaN
2026-01-05,NaN
2026-01-06,NaN
2026-01-07,NaN
2026-01-08,0.02650772391454034
2026-01-09,0.02881738271277684
2026-01-10,NaN
2026-01-11,NaN
2026-01-12,NaN
2026-01-13,NaN
2026-01-14,0.023945868145241293
2026-01-15,NaN
2026-01-16,NaN
2026-01-17,NaN
2026-01-18,NaN
2026-01-19,0.030303760325270043
2026-01-20,0.02767436020076275
2026-01-21,0.024291248752602506
2026-01-22,NaN
2026-01-23,NaN
2026-01-24,0.02852684839495591
2026-01-25,0.029328108886661736
2026-01-26,0.02467131436023177
2026-01-27,0.028094789013266563
2026-01-28,NaN
2026-01-29,0.028135756188530037
2026-01-30,0.03309420006615778
2026-01-31,0.030036218437765324
2026-02-01,0.028916975749390467
2026-02-02,0.03152497654611414
2026-02-03,0.031030191401285774
2026-02-04,0.025885819457471367
2026-02-05,NaN
2026-02-06,0.03137657982962474
2026-02-07,NaN
2026-02-08,NaN
2026-02-09,0.02366071566939354
2026-02-10,NaN
2026-02-11,0.028832300033952506
2026-02-12,NaN
2026-02-13,NaN
2026-02-14,0.02575588785111904
2026-02-15,0.02931300074689918
2026-02-16,0.024615953083742752
2026-02-17,0.02963581158125654
2026-02-18,NaN
2026-02-19,NaN
2026-02-20,NaN
2026-02-21,NaN
2026-02-22,NaN
2026-02-23,NaN
2026-02-24,NaN
2026-02-25,NaN
2026-02-26,NaN
2026-02-27,0.024113390918659123
2026-02-28,0.025028269442300945
2026-03-01,NaN
2026-03-02,NaN
2026-03-03,0.02764650243757801
2026-03-04,0.0284781918994018
2026-03-05,0.025128640660217822
2026-03-06,NaN
2026-03-07,0.023626917041838166
2026-03-08,0.03189184609800576
2026-03-09,0.036545877371515545
2026-03-10,0.03317186890968253
2026-03-11,NaN
2026-03-12,0.02752655449190311
2026-03-13,0.029129413009754253
2026-03-14,0.03125592193433216
2026-03-15,0.03253885002008506
2026-03-16,0.028146399770464223
2026-03-17,0.027058984339237212
2026-03-18,NaN
2026-03-19,0.02268368750810623
2026-03-20,NaN
2026-03-21,NaN
2026-03-22,NaN
2026-03-23,0.027768555336764873
2026-03-24,NaN
2026-03-25,0.029608911006814904
2026-03-26,0.029369200180683817
2026-03-27,0.028732948005199422
2026-03-28,NaN
2026-03-29,0.029869398581130167
2026-03-30,NaN
2026-03-31,NaN
2026-04-01,0.03016839767603771
2026-04-02,0.026773717540961046
2026-04-03,0.026069917449993745
2026-04-04,NaN
2026-04-05,0.026413439710934964
2026-04-06,0.030389675870537758
2026-04-07,NaN
2026-04-08,0.028727211084749016
2026-04-09,0.03278212249279022
2026-04-10,NaN
2026-04-11,NaN
2026-04-12,0.027295787616268448
2026-04-13,0.027096867375075818
2026-04-14,0.025628692204398763
2026-04-15,0.02557837234011719
2026-04-16,0.02679605603750263
2026-04-17,0.02880774560783591
2026-04-18,0.03012765044612543
2026-04-19,0.02978346564307593
2026-04-20,0.02958970607391426
2026-04-21,0.031566589092046515
2026-04-22,NaN
2026-04-23,0.030157549306750298
2026-04-24,0.03224854453884323
2026-04-25,0.02734268669571195
2026-04-26,0.026917989791503977
2026-04-27,NaN
2026-04-28,NaN
2026-04-29,NaN
2026-04-30,NaN
2026-05-01,0.024701674814735147
2026-05-02,0.024864737009792994
2026-05-03,0.025576613311256685
2026-05-04,NaN
2026-05-05,0.0264600181952119
2026-05-06,0.02743107788264751
2026-05-07,0.02587392258389694
2026-05-08,0.030542635079473253
2026-05-09,NaN
2026-05-10,0.03120029025844166
2026-05-11,0.026217390011463847
2026-05-12,0.025734510645270346
2026-05-13,0.027666004374623306
2026-05-14,0.02265183920306819
2026-05-15,0.03012614444430385
2026-05-16,0.02866288580532585
2026-05-17,NaN
2026-05-18,0.029523153518957478
2026-05-19,0.02875057331153324
2026-05-20,0.030766280988852188
2026-05-21,0.02803736624440976
2026-05-22,0.028203283351930702
2026-05-23,0.03308762777596711
2026-05-24,0.03648373277059624
2026-05-25,0.032438900933734
2026-05-26,0.03377703614532949
2026-05-27,0.030319210062069554
2026-05-28,0.02866703471434968
2026-05-29,0.03239273157502924
2026-05-30,NaN
2026-05-31,0.02978551100407328
2026-06-01,0.02766600804669516
2026-06-02,0.035127450162783645
2026-06-03,0.026218061319599716
2026-06-04,0.029364960055266114
2026-06-05,0.029035099116819243
2026-06-06,0.02270620928278991
2026-06-07,0.02760751194187572
2026-06-08,0.028716201840766842
2026-06-09,0.03258351704904011
2026-06-10,0.03423234495733465
2026-06-11,0.030229751140840592
2026-06-12,NaN
2026-06-13,0.024446586429169692
2026-06-14,0.02986053004860878
2026-06-15,0.026688134164682457
2026-06-16,0.028519011501755034
2026-06-17,0.02706314341298172
2026-06-18,0.03395144268870353
2026-06-19,0.030465090514293736
2026-06-20,0.03011569923588207
2026-06-21,0.030628776177763932
2026-06-22,0.02470358152474676
2026-06-23,0.029973651734845983
2026-06-24,0.026344129602823948
2026-06-25,0.0315560173243284
2026-06-26,0.027943891162673633
2026-06-27,0.02996464637773378
2026-06-28,0.03240681343844959
2026-06-29,0.020794056844515872
2026-06-30,0.030845239758491516
2026-07-01,0.03218246331172328
2026-07-02,0.03038209837607362
2026-07-03,0.027947322758180758
2026-07-04,0.025976703409105545
2026-07-05,0.027670332614113304
2026-07-06,0.030742651915975992
2026-07-07,0.03310706854930945
2026-07-08,0.030462316636528288
2026-07-09,0.029873195184128624
2026-07-10,0.029371688169028066
2026-07-11,NaN
2026-07-12,0.0315768120697502
2026-07-13,0.03199625185557775
2026-07-14,0.026545480133167338
2026-07-15,0.021541007355136695
2026-07-16,0.024472927727869576
2026-07-17,0.0288995300818767
2026-07-18,0.031167658365198553
2026-07-19,0.031254026001053196
2026-07-20,0.03258217015752086
2026-07-21,0.0326350338490946
2026-07-22,0.03650110544902938
2026-07-23,0.03887776540858406
2026-07-24,0.033761364806975634
2026-07-25,0.027944592093782764
2026-07-26,0.027413220969694
2026-07-27,NaN
2026-07-28,NaN
2026-07-29,0.036006404725568625
2026-07-30,0.032312222623399334
2026-07-31,0.03069190044576923
2026-08-01,0.03031265517430647
2026-08-02,0.02828079988913876
2026-08-03,0.028376877627202438
2026-08-04,0.030565266098294935
2026-08-05,0.02576921137886635
2026-08-06,0.025412293320352386
2026-08-07,0.02959315984376839
2026-08-08,0.029565150450382913
2026-08-09,0.03007057958415576
2026-08-10,0.03542653984789337
2026-08-11,0.030287885373192176
2026-08-12,0.02984872025748095
2026-08-13,0.03134532107838561
2026-08-14,0.03799571288483482
2026-08-15,0.03369210697710515
2026-08-16,0.03216794042793267
2026-08-17,0.03196341458421487
2026-08-18,0.030413282077227315
2026-08-19,0.029445846831159934
2026-08-20,0.0259681509633083
2026-08-21,0.026228381026732295
2026-08-22,0.028925011519874845
2026-08-23,0.03136857753353459
2026-08-24,0.030513599006967113
2026-08-25,0.03127721175551415
2026-08-26,0.02807283859167781
2026-08-27,0.03265049010515214
2026-08-28,0.037914540787989434
2026-08-29,0.035366540242518715
2026-08-30,0.03352749549916812
2026-08-31,0.03322450695811091
